query,constant_false,places,transitions,cegar_verdict,cegar_wall_seconds,cegar_solver_seconds,cegar_repeats,portfolio_verdict,portfolio_wall_seconds,portfolio_solver_seconds,portfolio_repeats,portfolio-cegar_verdict,portfolio-cegar_wall_seconds,portfolio-cegar_solver_seconds,portfolio-cegar_repeats
a2_disjunct_0,False,8,7,reachable,4.347778792027384,0.000490209,1,reachable,0.010230083018541336,8.1791e-05,1,reachable,0.006727500120177865,8.5792e-05,1
a4_disjunct_0,True,9,8,unreachable,0.025281208101660013,0.016569333,1,unreachable,0.014713124837726355,0.008283583,1,unreachable,0.012531624874100089,0.004635791,1
a4_disjunct_1,True,9,8,unreachable,0.024613208835944533,0.016856417,1,unreachable,0.01086570811457932,0.004621125,1,unreachable,0.011163125047460198,0.004484583,1
a5_disjunct_0,True,12,14,unreachable,0.2665042078588158,0.230407917,1,unreachable,0.017777791945263743,0.007201458,1,unreachable,0.017228791024535894,0.006129292,1
a5_disjunct_1,True,12,14,unreachable,0.28550966712646186,0.244619834,1,unreachable,0.01777645805850625,0.008598792,1,unreachable,0.01862137485295534,0.008618458,1
a5_disjunct_2,True,12,14,unreachable,0.2562632078770548,0.218747834,1,unreachable,0.018146999878808856,0.008368333,1,unreachable,0.01815162505954504,0.006424334,1
a5_disjunct_3,True,12,14,unreachable,0.2809208750259131,0.249836375,1,unreachable,0.015723417047411203,0.005878417,1,unreachable,0.012031124904751778,0.005119167,1
a5_disjunct_4,True,12,14,unreachable,0.280005041975528,0.252123208,1,unreachable,0.014510500011965632,0.006894625,1,unreachable,0.014643499860540032,0.005609916,1
a5_disjunct_5,True,12,14,unreachable,0.261130667058751,0.230513041,1,unreachable,0.01758274994790554,0.011374666,1,unreachable,0.014938917011022568,0.005425,1
a5_disjunct_6,True,4,3,unreachable,0.0048490408807992935,0.000276375,1,unreachable,0.009659332921728492,0.003267334,1,unreachable,0.012123750057071447,0.004832584,1
a5_disjunct_7,True,4,3,unreachable,0.007332042092457414,5.6208e-05,1,unreachable,0.010542290983721614,0.003763708,1,unreachable,0.01263191713951528,0.00282175,1
a5_disjunct_8,True,4,3,unreachable,0.004731541965156794,6.8708e-05,1,unreachable,0.013529124902561307,0.004874542,1,unreachable,0.0103511658962816,0.002988,1
a6_disjunct_0,True,11,11,unreachable,0.13355662487447262,0.11188075,1,unreachable,0.011822208063676953,0.004613375,1,unreachable,0.0110620001796633,0.004318375,1
a6_disjunct_1,False,11,11,reachable,0.006420540856197476,0.001062584,1,reachable,0.00660583283752203,0.000187459,1,reachable,0.005781457992270589,0.000214708,1
b1_disjunct_0,True,9,7,unreachable,0.007529499940574169,0.001429458,1,unreachable,0.011362124932929873,0.006092542,1,unreachable,0.010181832825765014,0.003941375,1
b1_disjunct_1,False,9,7,unreachable,0.007259249920025468,0.001535708,1,unreachable,0.013912790920585394,0.007717208,1,unreachable,0.013979415874928236,0.005688333,1
b2_disjunct_0,False,16,19,unreachable,0.8652794160880148,0.77927625,1,unreachable,0.016259291907772422,0.006252,1,unreachable,0.01629683398641646,0.006813833,1
b2_disjunct_1,False,17,20,unreachable,1.1399268750101328,1.036343584,1,unreachable,0.018868875224143267,0.0102865,1,unreachable,0.012603041948750615,0.006706542,1
b2_disjunct_2,False,17,20,unreachable,1.0038658750709146,0.897325084,1,unreachable,0.024969458114355803,0.0082775,1,unreachable,0.01613004202954471,0.006516542,1
b2_disjunct_3,False,18,21,unreachable,1.0787232499569654,0.964311708,1,unreachable,0.037419999949634075,0.014157833,1,unreachable,0.01638420787639916,0.008630958,1
b2_disjunct_4,False,18,21,unreachable,1.1505607089493424,1.019650917,1,unreachable,0.03608029196038842,0.015977583,1,unreachable,0.023152959067374468,0.012946917,1
b2_disjunct_5,False,17,20,unreachable,1.5426213750615716,1.387589,1,unreachable,0.028994000051170588,0.013876541,1,unreachable,0.02407454210333526,0.011380625,1
b3_disjunct_0,False,17,18,unknown,1.1723927091807127,1.159980125,1,unreachable,0.02491695899516344,0.01263875,1,unreachable,0.02585775009356439,0.012898667,1
b3_disjunct_1,False,17,18,unknown,1.962305000051856,1.953420458,1,unreachable,0.023315791971981525,0.012939125,1,unreachable,0.021640124963596463,0.012732208,1
b4_disjunct_0,False,17,18,unknown,1.3836399170104414,1.371867959,1,unreachable,0.02471304195933044,0.013833833,1,unreachable,0.024095541797578335,0.013329834,1
b4_disjunct_1,False,17,18,unknown,2.0218010421376675,2.010576792,1,unreachable,0.02352437493391335,0.011607458,1,unreachable,0.01985008385963738,0.009890625,1
c1_disjunct_0,False,24,38,unknown,1.230368582997471,1.2170465,1,unknown,2.033477542223409,2.015460375,1,unknown,2.0322917089797556,2.017037083,1
c2_disjunct_0,False,18,14,unknown,0.9400672921910882,0.929643833,1,unreachable,0.015786000061780214,0.007208417,1,unreachable,0.016147375106811523,0.006317875,1
c2_disjunct_1,False,18,14,unknown,0.8098253749776632,0.799936667,1,unreachable,0.013007415924221277,0.006520709,1,unreachable,0.013767875032499433,0.006963167,1
c2_disjunct_10,True,18,14,unknown,0.6160447080619633,0.609231375,1,unreachable,0.014490458881482482,0.007368667,1,unreachable,0.013952665962278843,0.006345042,1
c2_disjunct_11,True,5,3,unreachable,0.01614041579887271,3.2458e-05,1,unreachable,0.014552125008776784,0.004963,1,unreachable,0.014326165895909071,0.003761167,1
c2_disjunct_12,True,8,6,unreachable,0.008478583069518209,0.001749208,1,unreachable,0.014249166939407587,0.004241916,1,unreachable,0.010022457921877503,0.004327708,1
c2_disjunct_13,False,18,14,unknown,0.6841225000098348,0.663945375,1,unreachable,0.01461974997073412,0.008568917,1,unreachable,0.011964707868173718,0.006197541,1
c2_disjunct_14,False,18,14,unknown,1.0853642500005662,1.072804708,1,unreachable,0.015298959100618958,0.006620417,1,unreachable,0.016192000126466155,0.007663042,1
c2_disjunct_15,False,18,14,unknown,0.6969025409780443,0.685896541,1,unreachable,0.014952792087569833,0.006618,1,unreachable,0.014539208030328155,0.006455042,1
c2_disjunct_16,True,18,14,unknown,0.6777844168245792,0.666735958,1,unreachable,0.014869875041767955,0.006978334,1,unreachable,0.019377625081688166,0.008017209,1
c2_disjunct_17,True,18,14,unknown,0.6943807499483228,0.681960584,1,unreachable,0.016132916091009974,0.00710725,1,unreachable,0.016631999984383583,0.009491416,1
c2_disjunct_18,False,18,14,unknown,0.840989583870396,0.832442917,1,unreachable,0.020394499879330397,0.013130583,1,unreachable,0.01796416682191193,0.011314458,1
c2_disjunct_19,False,18,14,unknown,1.0792593751102686,1.069273083,1,unreachable,0.015101208118721843,0.0078625,1,unreachable,0.01635504188016057,0.009698917,1
c2_disjunct_2,False,18,14,unknown,0.9114653330761939,0.9015265,1,unreachable,0.016142542008310556,0.007046458,1,unreachable,0.015505542047321796,0.0087265,1
c2_disjunct_20,False,18,14,unknown,0.8804116668179631,0.8716675,1,unreachable,0.014678624924272299,0.007441667,1,unreachable,0.012992332922294736,0.006130875,1
c2_disjunct_21,False,18,14,unknown,0.6255148751661181,0.614317709,1,unreachable,0.011861250037327409,0.006553375,1,unreachable,0.016646333038806915,0.0079575,1
c2_disjunct_22,False,18,14,unknown,0.9754732500296086,0.966110042,1,unreachable,0.015400333097204566,0.0069655,1,unreachable,0.01985658402554691,0.01054225,1
c2_disjunct_23,True,18,14,unknown,0.6418520000297576,0.632609958,1,unreachable,0.011805166956037283,0.005693833,1,unreachable,0.015428625047206879,0.006009209,1
c2_disjunct_24,True,18,14,unknown,0.7919344161637127,0.783051584,1,unreachable,0.016097957966849208,0.00659125,1,unreachable,0.01584670809097588,0.006802375,1
c2_disjunct_3,True,18,14,unknown,0.6709118748549372,0.661105625,1,unreachable,0.012566582998260856,0.006293166,1,unreachable,0.012959915911778808,0.006925333,1
c2_disjunct_4,True,18,14,unknown,0.6700892909429967,0.661184375,1,unreachable,0.012804917059838772,0.006084667,1,unreachable,0.012850209139287472,0.006190667,1
c2_disjunct_5,True,1,0,unreachable,0.007270416943356395,2.2208e-05,1,unreachable,0.009906375082209706,2.4208e-05,1,unreachable,0.009285249980166554,2.05e-05,1
c2_disjunct_6,True,1,0,unreachable,0.006751583889126778,3.8792e-05,1,unreachable,0.009113874984905124,1.3833e-05,1,unreachable,0.00851341593079269,2.2042e-05,1
c2_disjunct_7,True,8,6,unreachable,0.010194709058851004,0.002906666,1,unreachable,0.016624541953206062,0.007320625,1,unreachable,0.01477766688913107,0.004006875,1
c2_disjunct_8,False,18,14,unknown,1.1084260828793049,1.100695333,1,unreachable,0.01614737487398088,0.006403916,1,unreachable,0.015278040897101164,0.006592375,1
c2_disjunct_9,True,18,14,unknown,0.6756815831176937,0.666204875,1,unreachable,0.012758916011080146,0.005801875,1,unreachable,0.013282124884426594,0.006419167,1
c3_disjunct_0,False,8,6,unknown,0.43741641705855727,0.430919167,1,unreachable,0.010051666991785169,0.00414525,1,unreachable,0.009913665940985084,0.00392025,1
c3_disjunct_1,True,8,6,unreachable,0.006969999987632036,0.001477834,1,unreachable,0.015217999927699566,0.005126666,1,unreachable,0.009595290990546346,0.003697375,1
c3_disjunct_2,True,8,6,unreachable,0.011950790882110596,0.00229575,1,unreachable,0.010346000082790852,0.003987084,1,unreachable,0.018335875123739243,0.0085235,1
c3_disjunct_3,False,8,6,unknown,0.4933408328797668,0.482596375,1,unreachable,0.011589249828830361,0.004289208,1,unreachable,0.009961332892999053,0.004151708,1
c3_disjunct_4,True,8,6,unreachable,0.008067332906648517,0.001409083,1,unreachable,0.009971792111173272,0.003680292,1,unreachable,0.012347416952252388,0.004123917,1
c3_disjunct_5,True,8,6,unreachable,0.008142499951645732,0.001383541,1,unreachable,0.011479999870061874,0.00421875,1,unreachable,0.013374125119298697,0.003971042,1
c4_disjunct_0,False,13,10,unknown,0.754378791898489,0.747895042,1,unreachable,0.012684582965448499,0.0054645,1,unreachable,0.01332616712898016,0.005298125,1
c4_disjunct_1,False,13,10,unknown,0.7558228331618011,0.747240583,1,unreachable,0.010748333996161819,0.005367208,1,unreachable,0.01152908313088119,0.005749458,1
c4_disjunct_10,False,13,10,unknown,0.7529499588999897,0.745374542,1,unreachable,0.014363124966621399,0.005360333,1,unreachable,0.013968667015433311,0.005207958,1
c4_disjunct_11,True,13,10,unreachable,0.23864154098555446,0.203178458,1,unreachable,0.0130518339574337,0.005229833,1,unreachable,0.014469332993030548,0.006321708,1
c4_disjunct_12,True,13,10,unreachable,0.26477204193361104,0.219749042,1,unreachable,0.01814791699871421,0.006314125,1,unreachable,0.022351832827553153,0.008404875,1
c4_disjunct_2,True,13,10,unreachable,0.31148916692472994,0.258953209,1,unreachable,0.020087416982278228,0.011044917,1,unreachable,0.017705207923427224,0.009417708,1
c4_disjunct_3,True,13,10,unreachable,0.48297737492248416,0.395922167,1,unreachable,0.019076833967119455,0.009446167,1,unreachable,0.018980040913447738,0.0099775,1
c4_disjunct_4,True,1,0,unreachable,0.010748625034466386,3.1583e-05,1,unreachable,0.012594209052622318,2.4125e-05,1,unreachable,0.009662416996434331,2.4542e-05,1
c4_disjunct_5,False,13,10,unknown,1.0781838749535382,1.068810125,1,unreachable,0.017547084018588066,0.008101792,1,unreachable,0.018819541903212667,0.009770041,1
c4_disjunct_6,True,13,10,unreachable,0.38353141699917614,0.321965666,1,unreachable,0.021009250078350306,0.011624375,1,unreachable,0.017664208076894283,0.009001917,1
c4_disjunct_7,True,13,10,unreachable,0.38184104207903147,0.331627084,1,unreachable,0.015450542094185948,0.0069805,1,unreachable,0.014559917151927948,0.006856542,1
c4_disjunct_8,False,13,10,unknown,0.8804540829733014,0.870942791,1,unreachable,0.017225374933332205,0.00866275,1,unreachable,0.014359124936163425,0.008507416,1
c4_disjunct_9,False,13,10,unknown,0.7897120830602944,0.779704417,1,unreachable,0.015869250055402517,0.006868417,1,unreachable,0.01910654199309647,0.00658325,1
c5_disjunct_0,False,17,22,unknown,0.826175499940291,0.817218792,1,reachable,0.08865649998188019,0.08024175,1,reachable,0.07238733302801847,0.065546167,1
c6_disjunct_0,False,15,14,reachable,0.009723665891215205,0.0010045,1,reachable,0.00736679183319211,0.000196083,1,reachable,0.006946917157620192,0.000210917,1
c7_disjunct_0,False,18,19,reachable,0.011349292006343603,0.004311667,1,reachable,0.010263583157211542,0.000687541,1,reachable,0.012249625055119395,0.00128075,1
c8_disjunct_0,False,13,10,unknown,0.9956692908890545,0.984865167,1,unreachable,0.016765792155638337,0.007580542,1,unreachable,0.015177416848018765,0.006490083,1
c8_disjunct_1,False,13,10,unknown,0.8639010000042617,0.854298708,1,unreachable,0.013607667060568929,0.006556542,1,unreachable,0.01605933392420411,0.007649042,1
c8_disjunct_10,False,13,10,unknown,0.8021868751384318,0.792251708,1,unreachable,0.011808583978563547,0.006033792,1,unreachable,0.012874875217676163,0.006250875,1
c8_disjunct_11,True,13,10,unreachable,0.2424109170679003,0.206841833,1,unreachable,0.011222082888707519,0.004874,1,unreachable,0.012503375066444278,0.004942125,1
c8_disjunct_12,True,13,10,unreachable,0.2522638749796897,0.216630875,1,unreachable,0.011058042058721185,0.004925209,1,unreachable,0.011483374983072281,0.00541025,1
c8_disjunct_2,True,13,10,unreachable,0.22955841687507927,0.194504125,1,unreachable,0.012403999920934439,0.005511916,1,unreachable,0.010905792005360126,0.0052285,1
c8_disjunct_3,True,13,10,unreachable,0.2331326249986887,0.197499,1,unreachable,0.01790579198859632,0.008626125,1,unreachable,0.01901050005108118,0.008409542,1
c8_disjunct_4,True,1,0,unreachable,0.005944000091403723,4.3333e-05,1,unreachable,0.00807829201221466,2.7084e-05,1,unreachable,0.008044542046263814,1.85e-05,1
c8_disjunct_5,False,13,10,unknown,0.7178816248197109,0.7083935,1,unreachable,0.019427250139415264,0.010488542,1,unreachable,0.014284292003139853,0.005939958,1
c8_disjunct_6,True,13,10,unreachable,0.25796320801600814,0.221824708,1,unreachable,0.01214441703632474,0.005300875,1,unreachable,0.012978707905858755,0.00544125,1
c8_disjunct_7,True,13,10,unreachable,0.25195358297787607,0.215441041,1,unreachable,0.015681375050917268,0.006999292,1,unreachable,0.014847584068775177,0.005005833,1
c8_disjunct_8,False,13,10,unknown,0.7335661670658737,0.727064917,1,unreachable,0.013864499982446432,0.005811,1,unreachable,0.011024167062714696,0.005120166,1
c8_disjunct_9,False,13,10,unknown,0.6539062501396984,0.645858584,1,unreachable,0.01663920795544982,0.008083291,1,unreachable,0.01209512515924871,0.005654917,1
d1_disjunct_0,False,14,13,unreachable,0.012256875168532133,0.00493925,1,unreachable,0.01347245811484754,0.00608125,1,unreachable,0.012187666958197951,0.005252833,1
d1_disjunct_1,False,11,11,unreachable,0.009310333989560604,0.001178958,1,unreachable,0.012331874808296561,0.004672833,1,unreachable,0.011053374968469143,0.004304917,1
d1_disjunct_2,True,8,6,unreachable,0.0072736251167953014,6.4834e-05,1,unreachable,0.009640374919399619,0.003490292,1,unreachable,0.011897709220647812,0.003067291,1
d1_disjunct_3,False,11,8,unreachable,0.007299416000023484,0.0001055,1,unreachable,0.012294874992221594,0.003611542,1,unreachable,0.009688915917649865,0.003529416,1
d1_disjunct_4,False,11,8,unreachable,0.004996542120352387,9.7959e-05,1,unreachable,0.010608166921883821,0.004350875,1,unreachable,0.010632875142619014,0.003678292,1
d1_disjunct_5,False,14,13,unreachable,0.008861249778419733,0.001412875,1,unreachable,0.013446165947243571,0.004693125,1,unreachable,0.011794291902333498,0.005132958,1
d1_disjunct_6,False,11,11,unreachable,0.009401250164955854,0.000925542,1,unreachable,0.016736459219828248,0.008272541,1,unreachable,0.010594000108540058,0.004055791,1
d2_disjunct_0,False,18,25,reachable,0.009587459033355117,0.001402,1,reachable,0.008697541896253824,0.000100458,1,reachable,0.006973291980102658,9.4791e-05,1
d3_disjunct_0,False,15,11,unreachable,0.00699395895935595,0.000184542,1,unreachable,0.01196116697974503,0.004495583,1,unreachable,0.01353687490336597,0.0049305,1
d3_disjunct_1,False,9,7,unreachable,0.006745083956047893,9.1792e-05,1,unreachable,0.010958041995763779,0.003693375,1,unreachable,0.010520374868065119,0.003589667,1
d3_disjunct_2,False,12,9,unreachable,0.008622166002169251,0.000245375,1,unreachable,0.011085458099842072,0.005216166,1,unreachable,0.009822707856073976,0.004478084,1
d3_disjunct_3,False,12,9,unreachable,0.008742874953895807,0.000126583,1,unreachable,0.010915582999587059,0.003839334,1,unreachable,0.009762250119820237,0.003976833,1
d3_disjunct_4,False,18,17,unreachable,0.014974999940022826,0.005175583,1,unreachable,0.01249245903454721,0.006196916,1,unreachable,0.020923665957525373,0.009367333,1
d3_disjunct_5,False,15,15,unreachable,0.019057540921494365,0.002197292,1,unreachable,0.013816124992445111,0.005387417,1,unreachable,0.012483666185289621,0.005244541,1
d3_disjunct_6,False,12,13,unreachable,0.0093837920576334,0.001214042,1,unreachable,0.01418629102408886,0.006050708,1,unreachable,0.012182625010609627,0.004752042,1
d4_disjunct_0,False,18,17,unreachable,0.019438458140939474,0.010132375,1,unreachable,0.017546458868309855,0.009332042,1,unreachable,0.01338495803065598,0.007216375,1
d4_disjunct_1,False,12,13,unreachable,0.010675167199224234,0.004445667,1,unreachable,0.015447458950802684,0.005982541,1,unreachable,0.014868082944303751,0.00507375,1
d4_disjunct_10,False,15,15,unreachable,0.01279945787973702,0.001710791,1,unreachable,0.016628334065899253,0.006310334,1,unreachable,0.01574258296750486,0.007153833,1
d4_disjunct_11,False,12,13,unreachable,0.007002333179116249,0.001224208,1,unreachable,0.010670915944501758,0.004709291,1,unreachable,0.013335624942556024,0.0050255,1
d4_disjunct_12,False,18,17,unreachable,0.011381458025425673,0.002642583,1,unreachable,0.013722207862883806,0.006117041,1,unreachable,0.018126582959666848,0.008559875,1
d4_disjunct_13,False,15,15,unreachable,0.009849916910752654,0.001886917,1,unreachable,0.012521167052909732,0.005595708,1,unreachable,0.011547083035111427,0.005377167,1
d4_disjunct_14,False,12,13,unreachable,0.008939750026911497,0.001198167,1,unreachable,0.014933208003640175,0.00473425,1,unreachable,0.016184041975066066,0.007009208,1
d4_disjunct_2,False,15,15,unreachable,0.012747917091473937,0.003703917,1,unreachable,0.013458624947816133,0.005340083,1,unreachable,0.013356625102460384,0.006511125,1
d4_disjunct_3,False,15,15,unreachable,0.00830895802937448,0.001963875,1,unreachable,0.016677374951541424,0.007953375,1,unreachable,0.014521041186526418,0.005297791,1
d4_disjunct_4,True,12,9,unreachable,0.006426540901884437,0.000119167,1,unreachable,0.017581499880179763,0.005258792,1,unreachable,0.01519691594876349,0.004339167,1
d4_disjunct_5,False,9,7,unreachable,0.007616583025082946,8.8417e-05,1,unreachable,0.013730374863371253,0.005627792,1,unreachable,0.017831875011324883,0.004713,1
d4_disjunct_6,False,15,11,unreachable,0.008733374997973442,0.000190958,1,unreachable,0.011504249880090356,0.005395708,1,unreachable,0.013910874957218766,0.006744583,1
d4_disjunct_7,False,15,11,unreachable,0.008202875033020973,0.000176708,1,unreachable,0.012465708889067173,0.005055167,1,unreachable,0.012060708831995726,0.004747917,1
d4_disjunct_8,False,12,9,unreachable,0.0067889580968767405,0.00011125,1,unreachable,0.01155499997548759,0.0036105,1,unreachable,0.010173791088163853,0.003837917,1
d4_disjunct_9,False,18,17,unreachable,0.010537750087678432,0.00244275,1,unreachable,0.012589083053171635,0.00612575,1,unreachable,0.013538125203922391,0.005717333,1
d5_disjunct_0,False,11,10,reachable,0.005797749850898981,0.000370375,1,reachable,0.007188375107944012,6.2417e-05,1,reachable,0.006016667000949383,5.7666e-05,1
e1_disjunct_0,False,8,6,unreachable,0.004778250120580196,9.8208e-05,1,unreachable,0.01588608301244676,0.004179083,1,unreachable,0.012394750025123358,0.00485625,1
e2_disjunct_0,False,16,15,unknown,0.7227910829242319,0.714265708,1,unknown,2.0495985001325607,2.032976459,1,unknown,2.0453605412039906,2.027914292,1
e3_disjunct_0,True,25,35,unknown,1.1664109171833843,1.156246333,1,unreachable,0.01929479092359543,0.011412834,1,unreachable,0.027929582865908742,0.015797416,1
e3_disjunct_1,True,25,35,unknown,1.1862142500467598,1.175798875,1,unreachable,0.018960708053782582,0.011400459,1,unreachable,0.021317250095307827,0.01208975,1
e3_disjunct_2,False,25,35,unknown,1.2778294160962105,1.269246416,1,unknown,2.0252701668068767,2.0098025,1,unknown,2.0240448331460357,2.009607083,1
e4_disjunct_0,True,29,43,unknown,1.6628652920480818,1.653381833,1,unreachable,0.03328987490385771,0.022189125,1,unreachable,0.02891845814883709,0.01851025,1
e4_disjunct_1,True,29,43,unknown,1.6935584999155253,1.682532167,1,unreachable,0.029627625131979585,0.020162584,1,unreachable,0.03230670792981982,0.023209833,1
e4_disjunct_2,False,29,43,unknown,1.8548176668118685,1.8391932500000001,1,unknown,2.015587542206049,2.002736208,1,unknown,2.0341129160951823,2.023004209,1
e7_disjunct_0,False,8,6,unreachable,0.014946541981771588,0.000129333,1,unreachable,0.015092790825292468,0.006002958,1,unreachable,0.013399749994277954,0.005055708,1
f1_disjunct_0,True,1,0,unreachable,0.005963542032986879,2.5625e-05,1,unreachable,0.00917541584931314,2.75e-05,1,unreachable,0.009009707951918244,1.4375e-05,1
f2_disjunct_0,False,14,23,reachable,0.020377707900479436,0.009325833,1,reachable,0.006789833074435592,0.000374375,1,reachable,0.0078050000593066216,0.000397916,1
f3_disjunct_0,False,17,16,reachable,0.011914375005289912,0.002217958,1,reachable,0.008531041909009218,0.000297125,1,reachable,0.009639709023758769,0.000502208,1
f4_disjunct_0,True,5,4,unreachable,0.00829979102127254,0.000191375,1,unreachable,0.011090916115790606,0.004434792,1,unreachable,0.014807792147621512,0.0057315,1
f4_disjunct_1,True,5,4,unreachable,0.009376917034387589,0.000280416,1,unreachable,0.01227862504310906,0.004486416,1,unreachable,0.01512579107657075,0.007448709,1
f4_disjunct_2,True,5,4,unreachable,0.008705708896741271,0.00026575,1,unreachable,0.014535832917317748,0.00475,1,unreachable,0.016472542192786932,0.007376,1
f4_disjunct_3,True,5,4,unreachable,0.009448082884773612,0.000298625,1,unreachable,0.014088958036154509,0.004263583,1,unreachable,0.014037583954632282,0.006042959,1
f4_disjunct_4,True,5,4,unreachable,0.009091750020161271,0.000356834,1,unreachable,0.015390916960313916,0.006928,1,unreachable,0.01322283293120563,0.004343042,1
f5_disjunct_0,False,7,5,unknown,0.43486966704949737,0.425652333,1,unreachable,0.013636291958391666,0.004748333,1,unreachable,0.015557915903627872,0.005566583,1
f5_disjunct_1,False,10,10,unknown,0.7156169170048088,0.706383792,1,unreachable,0.01379041699692607,0.006044042,1,unreachable,0.01163025014102459,0.005482708,1
f5_disjunct_10,False,10,10,unknown,0.6534840839449316,0.646317791,1,unreachable,0.011224790941923857,0.005028875,1,unreachable,0.013062125071883202,0.004921083,1
f5_disjunct_11,False,10,10,unknown,0.6256297910586,0.617174959,1,unreachable,0.010953000048175454,0.00481675,1,unreachable,0.017237833002582192,0.00759725,1
f5_disjunct_12,False,10,10,unknown,0.6709323329851031,0.662691958,1,unreachable,0.012445958098396659,0.005015042,1,unreachable,0.014969166833907366,0.007023833,1
f5_disjunct_13,False,8,7,unreachable,0.011084666941314936,0.003676666,1,unreachable,0.012257624883204699,0.004107208,1,unreachable,0.013475917046889663,0.003887791,1
f5_disjunct_14,False,10,10,unknown,0.6914189159870148,0.681828917,1,unreachable,0.012885000091046095,0.00594725,1,unreachable,0.013213500147685409,0.004937,1
f5_disjunct_15,False,10,10,unreachable,0.022907209116965532,0.013187916,1,unreachable,0.012886707903817296,0.005625583,1,unreachable,0.013664541998878121,0.005118541,1
f5_disjunct_16,False,10,10,unreachable,0.025900624925270677,0.016641042,1,unreachable,0.009983416879549623,0.004806875,1,unreachable,0.010655667167156935,0.004869375,1
f5_disjunct_17,False,8,7,unknown,0.46877637482248247,0.459681,1,unreachable,0.01361758285202086,0.005761667,1,unreachable,0.01236620801500976,0.004278583,1
f5_disjunct_18,False,8,7,unknown,0.43892700015567243,0.428151708,1,unreachable,0.01222454197704792,0.005054875,1,unreachable,0.01562808291055262,0.005881167,1
f5_disjunct_19,False,10,10,unreachable,0.029941957909613848,0.018140375,1,unreachable,0.015980791999027133,0.0046995,1,unreachable,0.015829874901100993,0.006468583,1
f5_disjunct_2,False,7,5,unknown,0.4370605000294745,0.429009875,1,unreachable,0.014556291978806257,0.005109416,1,unreachable,0.014004167169332504,0.005349541,1
f5_disjunct_20,False,10,10,unreachable,0.02943645790219307,0.017483916,1,unreachable,0.01756245899014175,0.005670875,1,unreachable,0.013699333881959319,0.005182583,1
f5_disjunct_3,False,10,10,unreachable,0.10938983294181526,0.088040667,1,unreachable,0.016812500078231096,0.007689166,1,unreachable,0.016068875091150403,0.005653958,1
f5_disjunct_4,False,10,10,unknown,0.7173150000162423,0.70646775,1,unreachable,0.01618266711011529,0.007157583,1,unreachable,0.01605429220944643,0.007305375,1
f5_disjunct_5,False,10,10,unknown,0.7145740000996739,0.703814334,1,unreachable,0.012132042087614536,0.004873958,1,unreachable,0.013861750019714236,0.004844917,1
f5_disjunct_6,False,5,3,unreachable,0.007215291960164905,5.3875e-05,1,unreachable,0.009296333882957697,0.002575709,1,unreachable,0.012454916955903172,0.003120417,1
f5_disjunct_7,False,7,5,unknown,0.4230919168330729,0.416239333,1,unreachable,0.011566999834030867,0.004512625,1,unreachable,0.013580875005573034,0.004583166,1
f5_disjunct_8,False,7,5,unknown,0.4292808750178665,0.419788375,1,unreachable,0.01464937487617135,0.006012416,1,unreachable,0.012569457991048694,0.004956625,1
f5_disjunct_9,False,8,7,unreachable,0.020254291128367186,0.006238208,1,unreachable,0.018044125055894256,0.008605667,1,unreachable,0.014509249944239855,0.004596917,1
f6_disjunct_0,False,9,11,reachable,0.007722624810412526,0.000715584,1,reachable,0.008348041912540793,0.000100375,1,reachable,0.008616875158622861,9.3792e-05,1
f7_disjunct_0,False,8,9,reachable,0.008438833057880402,0.000452209,1,reachable,0.007488999981433153,9.6083e-05,1,reachable,0.010605499846860766,0.0001375,1
f8_disjunct_0,True,1,0,unreachable,0.007836875040084124,2.5666e-05,1,unreachable,0.009853499941527843,2.425e-05,1,unreachable,0.008513583103194833,1.5166e-05,1
f8_disjunct_1,False,9,11,reachable,0.008639500010758638,0.000480458,1,reachable,0.005821999860927463,7.65e-05,1,reachable,0.00952320802025497,0.000113917,1
g1_disjunct_0,False,56,103,unknown,2.042635624995455,2.032248709,1,unknown,2.0379016250371933,2.024256333,1,unknown,2.0336563328746706,2.020217875,1
g2_disjunct_0,True,37,48,unknown,1.3281736250501126,1.318135375,1,unreachable,0.03155683306977153,0.021182,1,unreachable,0.026915709022432566,0.018765417,1
g2_disjunct_1,False,37,48,unknown,1.3363195830024779,1.324738,1,unknown,2.0186815408524126,2.004976584,1,unknown,2.0150993750430644,2.002290666,1
g3_disjunct_0,True,39,55,unknown,1.8683601669035852,1.856570917,1,unreachable,0.03357450012117624,0.026709667,1,unreachable,0.02818541694432497,0.019440458,1
g3_disjunct_1,False,39,55,unknown,1.841901458101347,1.83120125,1,unknown,2.0430939169600606,2.028384458,1,unknown,2.025408749934286,2.013369,1
g4_disjunct_0,False,30,49,reachable,0.12949600000865757,0.12249625,1,reachable,0.009649707935750484,0.00269325,1,reachable,0.010214625159278512,0.002727083,1
g5_disjunct_0,True,16,17,unreachable,0.26886620791628957,0.232374083,1,unreachable,0.013478209031745791,0.006016875,1,unreachable,0.019464875105768442,0.010947625,1
g5_disjunct_1,True,16,17,unreachable,0.2959892919752747,0.251328,1,unreachable,0.013858082937076688,0.006917667,1,unreachable,0.01967912493273616,0.008683959,1
g5_disjunct_2,True,1,0,unreachable,0.008929291972890496,3.6791e-05,1,unreachable,0.007110124919563532,1.3083e-05,1,unreachable,0.0068886668886989355,1.3375e-05,1
g5_disjunct_3,True,1,0,unreachable,0.008934791898354888,4.3916e-05,1,unreachable,0.006617499981075525,1.4125e-05,1,unreachable,0.008787708124145865,2.0792e-05,1
g5_disjunct_4,True,1,0,unreachable,0.0072525420691818,2.2083e-05,1,unreachable,0.006732584210112691,1.3833e-05,1,unreachable,0.006897415965795517,1.3417e-05,1
g5_disjunct_5,False,16,17,unreachable,0.26415829197503626,0.230670791,1,unreachable,0.017464583972468972,0.010400542,1,unreachable,0.014022666029632092,0.006485875,1
g6_disjunct_0,True,1,0,unreachable,0.0068481669295579195,2.2417e-05,1,unreachable,0.007608459098264575,2.1459e-05,1,unreachable,0.007573999930173159,1.2458e-05,1
g6_disjunct_1,True,1,0,unreachable,0.005851415917277336,2.2709e-05,1,unreachable,0.005017207935452461,1.3458e-05,1,unreachable,0.004827708005905151,1.225e-05,1
g6_disjunct_10,False,17,18,unreachable,0.00915354210883379,0.001832083,1,unreachable,0.014810292050242424,0.007360916,1,unreachable,0.01650158385746181,0.008369667,1
g6_disjunct_11,False,17,18,unreachable,0.00953154219314456,0.001258625,1,unreachable,0.018840791890397668,0.006314958,1,unreachable,0.015085957944393158,0.008775083,1
g6_disjunct_12,False,15,16,unreachable,0.00593341700732708,0.000576333,1,unreachable,0.012383416993543506,0.005776125,1,unreachable,0.01341370795853436,0.006291833,1
g6_disjunct_13,False,19,20,unreachable,0.008335374994203448,0.001601125,1,unreachable,0.012798750074580312,0.006904,1,unreachable,0.018868541810661554,0.010823834,1
g6_disjunct_14,False,17,17,unreachable,0.006528416881337762,0.000416875,1,unreachable,0.013180250069126487,0.007174,1,unreachable,0.01328208320774138,0.006405041,1
g6_disjunct_15,True,5,3,unreachable,0.0080722919665277,5.3667e-05,1,unreachable,0.008765207836404443,0.002537625,1,unreachable,0.010580625152215362,0.00283875,1
g6_disjunct_16,True,5,3,unreachable,0.008231749990954995,8.6417e-05,1,unreachable,0.012835332890972495,0.005250959,1,unreachable,0.009448917116969824,0.00260825,1
g6_disjunct_17,True,5,3,unreachable,0.007224041968584061,3.5375e-05,1,unreachable,0.008367457892745733,0.002650042,1,unreachable,0.012337832944467664,0.005192334,1
g6_disjunct_18,False,19,20,unreachable,0.010636582970619202,0.002033709,1,unreachable,0.01608745800331235,0.008693917,1,unreachable,0.019117250107228756,0.011968375,1
g6_disjunct_19,False,19,20,unreachable,0.008143291808664799,0.001606167,1,unreachable,0.014074667124077678,0.008214292,1,unreachable,0.01609858311712742,0.00971575,1
g6_disjunct_2,True,1,0,unreachable,0.006120292004197836,2.1541e-05,1,unreachable,0.00597937498241663,1.3333e-05,1,unreachable,0.005591833032667637,1.2208e-05,1
g6_disjunct_20,True,10,7,unreachable,0.006255042040720582,0.000284833,1,unreachable,0.012243084143847227,0.004663209,1,unreachable,0.01438674982637167,0.007389542,1
g6_disjunct_21,True,10,7,unreachable,0.006951750023290515,0.000243833,1,unreachable,0.011788417119532824,0.005207792,1,unreachable,0.014017750043421984,0.007806583,1
g6_disjunct_22,False,22,24,unreachable,0.010471082990989089,0.003056667,1,unreachable,0.017007916932925582,0.009960792,1,unreachable,0.01459091599099338,0.008125458,1
g6_disjunct_23,False,20,22,reachable,0.006534208077937365,0.000347958,1,reachable,0.006268540862947702,6.6041e-05,1,reachable,0.008186083054170012,6.925e-05,1
g6_disjunct_3,False,15,15,unreachable,0.0072852501180022955,0.000424084,1,unreachable,0.014454958960413933,0.006388958,1,unreachable,0.013016375014558434,0.0058195,1
g6_disjunct_4,True,10,10,unreachable,0.00896554091013968,9.2708e-05,1,unreachable,0.009840208105742931,0.003610958,1,unreachable,0.013610792113468051,0.005549458,1
g6_disjunct_5,False,10,10,unreachable,0.006396665936335921,5.4916e-05,1,unreachable,0.012013540836051106,0.003523375,1,unreachable,0.009803708177059889,0.00354875,1
g6_disjunct_6,False,15,15,unreachable,0.008369834162294865,0.000433084,1,unreachable,0.01396495895460248,0.006142959,1,unreachable,0.016545457998290658,0.008499,1
g6_disjunct_7,False,15,15,unreachable,0.00928937504068017,0.000822375,1,unreachable,0.013939124997705221,0.006039167,1,unreachable,0.01292225020006299,0.007188708,1
g6_disjunct_8,False,17,18,unreachable,0.008715208154171705,0.001666042,1,unreachable,0.016721666092053056,0.011126209,1,unreachable,0.012764459010213614,0.006692208,1
g6_disjunct_9,True,1,0,unreachable,0.005755166057497263,2.1833e-05,1,unreachable,0.0064313330221921206,1.5875e-05,1,unreachable,0.007849790854379535,2.1667e-05,1
g7_disjunct_0,True,1,0,unreachable,0.006758624920621514,2.3208e-05,1,unreachable,0.007201250176876783,2.9167e-05,1,unreachable,0.006797167006880045,1.3584e-05,1
g7_disjunct_1,True,1,0,unreachable,0.007155416999012232,3.2167e-05,1,unreachable,0.007656875066459179,2.4417e-05,1,unreachable,0.005440875189378858,1.225e-05,1
g7_disjunct_10,False,13,9,unreachable,0.007999958004802465,0.000289042,1,unreachable,0.014267500024288893,0.007859167,1,unreachable,0.011982833966612816,0.005129834,1
g7_disjunct_11,True,5,3,unreachable,0.007075167028233409,3.35e-05,1,unreachable,0.008925917092710733,0.00245475,1,unreachable,0.008233041036874056,0.002374084,1
g7_disjunct_12,True,5,3,unreachable,0.0075677081476897,5.6542e-05,1,unreachable,0.007787124952301383,0.002473166,1,unreachable,0.01025429111905396,0.002701834,1
g7_disjunct_13,False,15,12,unreachable,0.01236687507480383,0.000909417,1,unreachable,0.010992625029757619,0.005348166,1,unreachable,0.012767375214025378,0.006143834,1
g7_disjunct_14,False,15,12,unreachable,0.007566999876871705,0.000900125,1,unreachable,0.011746249860152602,0.005180542,1,unreachable,0.011057374998927116,0.005557792,1
g7_disjunct_15,True,10,7,unreachable,0.008935166988521814,0.000472917,1,unreachable,0.01175408298149705,0.004197625,1,unreachable,0.00997595814988017,0.004116583,1
g7_disjunct_16,False,18,15,unreachable,0.009177125059068203,0.001674125,1,unreachable,0.015576957957819104,0.006047292,1,unreachable,0.01420387509278953,0.006720167,1
g7_disjunct_17,True,12,9,unreachable,0.007514666998758912,0.000468417,1,unreachable,0.010658124927431345,0.004259208,1,unreachable,0.010579083114862442,0.004441833,1
g7_disjunct_18,False,18,15,unreachable,0.009013833943754435,0.001238459,1,unreachable,0.013209959026426077,0.006927083,1,unreachable,0.014955042162910104,0.006876167,1
g7_disjunct_19,False,18,15,unreachable,0.010733000002801418,0.002600958,1,unreachable,0.012211374938488007,0.006210958,1,unreachable,0.013507249997928739,0.005736,1
g7_disjunct_2,False,10,7,unreachable,0.00686316704377532,0.000310333,1,unreachable,0.009688250022009015,0.00465725,1,unreachable,0.011045667110010982,0.004257708,1
g7_disjunct_20,False,16,12,unreachable,0.0065113750752061605,0.000594709,1,unreachable,0.013499375199899077,0.006454917,1,unreachable,0.011619459139183164,0.006415583,1
g7_disjunct_21,True,10,7,unreachable,0.008391292067244649,0.000447041,1,unreachable,0.012269207974895835,0.004154709,1,unreachable,0.013207417214289308,0.0043245,1
g7_disjunct_3,True,5,3,unreachable,0.0059848749078810215,5.5041e-05,1,unreachable,0.00893183401785791,0.002472125,1,unreachable,0.010848707985132933,0.002484208,1
g7_disjunct_4,False,10,7,unreachable,0.008396249962970614,0.000254375,1,unreachable,0.009410582948476076,0.004464333,1,unreachable,0.01156920799985528,0.004959541,1
g7_disjunct_5,False,12,9,unreachable,0.00813383306376636,0.000538042,1,unreachable,0.010690958006307483,0.004742791,1,unreachable,0.01117683295160532,0.004854459,1
g7_disjunct_6,True,1,0,unreachable,0.006203000200912356,2.1875e-05,1,unreachable,0.006778000155463815,2.1583e-05,1,unreachable,0.008841041941195726,1.2208e-05,1
g7_disjunct_7,False,12,9,unreachable,0.00830895802937448,0.000513083,1,unreachable,0.012493833899497986,0.004819834,1,unreachable,0.012863917043432593,0.004604292,1
g7_disjunct_8,False,12,9,unreachable,0.005984458141028881,0.00050575,1,unreachable,0.01310137496329844,0.00580175,1,unreachable,0.012689082883298397,0.005922041,1
g7_disjunct_9,False,15,12,unreachable,0.006504915887489915,0.000964958,1,unreachable,0.012753832852467895,0.006053416,1,unreachable,0.012226042104884982,0.005410459,1
