query,constant_false,places,transitions,portfolio-next_verdict,portfolio-next_wall_seconds,portfolio-next_solver_seconds,portfolio-next_repeats,portfolio-v2_verdict,portfolio-v2_wall_seconds,portfolio-v2_solver_seconds,portfolio-v2_repeats
a2_disjunct_0,False,8,7,reachable,0.0036782079841941595,4.0917e-05,1,reachable,0.002727749990299344,3.9792e-05,1
a4_disjunct_0,True,9,8,unreachable,0.004162708995863795,0.000865833,1,unreachable,0.0037692920304834843,0.00088775,1
a4_disjunct_1,True,9,8,unreachable,0.0036877079401165247,0.0007515,1,unreachable,0.003628249978646636,0.000872667,1
a5_disjunct_0,True,12,14,unreachable,0.003916874993592501,0.000975834,1,unreachable,0.005197999998927116,0.002387708,1
a5_disjunct_1,True,12,14,unreachable,0.0042245411314070225,0.001035125,1,unreachable,0.005800582934170961,0.002407167,1
a5_disjunct_2,True,12,14,unreachable,0.004253750201314688,0.000985416,1,unreachable,0.005677291890606284,0.002406042,1
a5_disjunct_3,True,12,14,unreachable,0.004507249919697642,0.000993417,1,unreachable,0.0054385000839829445,0.002453083,1
a5_disjunct_4,True,12,14,unreachable,0.004918874939903617,0.001001708,1,unreachable,0.007104374933987856,0.00264625,1
a5_disjunct_5,True,12,14,unreachable,0.004970874870195985,0.00101225,1,unreachable,0.007477292092517018,0.00326725,1
a5_disjunct_6,True,4,3,unreachable,0.005153832957148552,0.000570958,1,unreachable,0.0037686668802052736,0.000588,1
a5_disjunct_7,True,4,3,unreachable,0.0036349999718368053,0.000534041,1,unreachable,0.003644667100161314,0.000602791,1
a5_disjunct_8,True,4,3,unreachable,0.003763916902244091,0.0005615,1,unreachable,0.003229249967262149,0.00060125,1
a6_disjunct_0,True,11,11,unreachable,0.003716292092576623,0.000781916,1,unreachable,0.004277750151231885,0.00140925,1
a6_disjunct_1,False,11,11,reachable,0.0030212500132620335,0.000159583,1,reachable,0.0028970001731067896,0.0001605,1
b1_disjunct_0,True,9,7,unreachable,0.003544165985658765,0.000688625,1,unreachable,0.003698958083987236,0.0011255,1
b1_disjunct_1,False,9,7,unreachable,0.0035620839335024357,0.000759958,1,unreachable,0.004143415950238705,0.001322792,1
b2_disjunct_0,False,16,19,unreachable,0.004315999802201986,0.001408167,1,unreachable,0.0064715000335127115,0.002065833,1
b2_disjunct_1,False,17,20,unreachable,0.005537332966923714,0.00173375,1,unreachable,0.005552042042836547,0.002095834,1
b2_disjunct_2,False,17,20,unreachable,0.004264374962076545,0.001372833,1,unreachable,0.00512812496162951,0.001960333,1
b2_disjunct_3,False,18,21,unreachable,0.005408500088378787,0.001500916,1,unreachable,0.005634249886497855,0.002349875,1
b2_disjunct_4,False,18,21,unreachable,0.004827874945476651,0.001468333,1,unreachable,0.005204541841521859,0.002134291,1
b2_disjunct_5,False,17,20,unreachable,0.0046826249454170465,0.00139225,1,unreachable,0.005437999963760376,0.002183,1
b3_disjunct_0,False,17,18,unreachable,0.004703625105321407,0.001341167,1,unreachable,0.005173665937036276,0.001801583,1
b3_disjunct_1,False,17,18,unreachable,0.017118750140070915,0.001356417,1,unreachable,0.007693416904658079,0.001903334,1
b4_disjunct_0,False,17,18,unreachable,0.004877292085438967,0.001436,1,unreachable,0.005382208852097392,0.001912875,1
b4_disjunct_1,False,17,18,unreachable,0.0044633750803768635,0.001388916,1,unreachable,0.005087832920253277,0.001885583,1
c1_disjunct_0,False,24,38,reachable,0.043527791975066066,0.039631208,1,reachable,0.07169191702269018,0.067818958,1
c2_disjunct_0,False,18,14,unreachable,0.004886207869276404,0.001295125,1,unreachable,0.004936415934935212,0.001862833,1
c2_disjunct_1,False,18,14,unreachable,0.00469937501475215,0.001467125,1,unreachable,0.005270916968584061,0.001844084,1
c2_disjunct_10,True,18,14,unreachable,0.0053490831051021814,0.001256584,1,unreachable,0.006416667019948363,0.001933833,1
c2_disjunct_11,True,5,3,unreachable,0.004331915872171521,0.000548209,1,unreachable,0.005286334082484245,0.000807625,1
c2_disjunct_12,True,8,6,unreachable,0.004580624867230654,0.00085,1,unreachable,0.005600957898423076,0.001169459,1
c2_disjunct_13,False,18,14,unreachable,0.006564500043168664,0.001995416,1,unreachable,0.0057833329774439335,0.0018585,1
c2_disjunct_14,False,18,14,unreachable,0.004720750031992793,0.001353625,1,unreachable,0.005311541957780719,0.001859791,1
c2_disjunct_15,False,18,14,unreachable,0.004791665822267532,0.00157875,1,unreachable,0.0050175420474261045,0.001826625,1
c2_disjunct_16,True,18,14,unreachable,0.0042001670226454735,0.001110458,1,unreachable,0.004606208065524697,0.001695459,1
c2_disjunct_17,True,18,14,unreachable,0.004059124970808625,0.001094833,1,unreachable,0.004675749922171235,0.001527208,1
c2_disjunct_18,False,18,14,unreachable,0.004471292020753026,0.0015455,1,unreachable,0.004715124843642116,0.001812334,1
c2_disjunct_19,False,18,14,unreachable,0.004476417088881135,0.001360875,1,unreachable,0.004782708128914237,0.001890458,1
c2_disjunct_2,False,18,14,unreachable,0.0040728747844696045,0.001381,1,unreachable,0.004622875014320016,0.001858583,1
c2_disjunct_20,False,18,14,unreachable,0.004252457991242409,0.00156975,1,unreachable,0.00461591687053442,0.001804,1
c2_disjunct_21,False,18,14,unreachable,0.004001874942332506,0.00126825,1,unreachable,0.004552667029201984,0.001793458,1
c2_disjunct_22,False,18,14,unreachable,0.0042965831235051155,0.001325041,1,unreachable,0.0048857079818844795,0.001780917,1
c2_disjunct_23,True,18,14,unreachable,0.003973667044192553,0.001087875,1,unreachable,0.004360417136922479,0.001492916,1
c2_disjunct_24,True,18,14,unreachable,0.004319041036069393,0.001120875,1,unreachable,0.004638416925445199,0.001543708,1
c2_disjunct_3,True,18,14,unreachable,0.004597041988745332,0.001147542,1,unreachable,0.004680000012740493,0.001686708,1
c2_disjunct_4,True,18,14,unreachable,0.004649332957342267,0.001250916,1,unreachable,0.006074915872886777,0.001717291,1
c2_disjunct_5,True,1,0,unreachable,0.0033007501624524593,1.1125e-05,1,unreachable,0.003654999891296029,1.1458e-05,1
c2_disjunct_6,True,1,0,unreachable,0.0031995829194784164,1.1167e-05,1,unreachable,0.0037706668954342604,9.583e-06,1
c2_disjunct_7,True,8,6,unreachable,0.004798332927748561,0.000817125,1,unreachable,0.005576959112659097,0.001500875,1
c2_disjunct_8,False,18,14,unreachable,0.004474041052162647,0.001382083,1,unreachable,0.004815957974642515,0.00182375,1
c2_disjunct_9,True,18,14,unreachable,0.004389083944261074,0.001216,1,unreachable,0.004791791085153818,0.001583875,1
c3_disjunct_0,False,8,6,unreachable,0.003528333967551589,0.000724334,1,unreachable,0.003733874997124076,0.001007708,1
c3_disjunct_1,True,8,6,unreachable,0.003541917074471712,0.00066725,1,unreachable,0.003734207944944501,0.000936459,1
c3_disjunct_2,True,8,6,unreachable,0.0035632080398499966,0.000641875,1,unreachable,0.003971833037212491,0.001074875,1
c3_disjunct_3,False,8,6,unreachable,0.003370000049471855,0.000735042,1,unreachable,0.003645624965429306,0.000987625,1
c3_disjunct_4,True,8,6,unreachable,0.0034391251392662525,0.0006865,1,unreachable,0.0038264160975813866,0.001013792,1
c3_disjunct_5,True,8,6,unreachable,0.003444666974246502,0.000662167,1,unreachable,0.0037393339443951845,0.000980292,1
c4_disjunct_0,False,13,10,unreachable,0.0035497501958161592,0.000974875,1,unreachable,0.004170415922999382,0.0011385,1
c4_disjunct_1,False,13,10,unreachable,0.003925583092495799,0.001012708,1,unreachable,0.004196750000119209,0.001252958,1
c4_disjunct_10,False,13,10,unreachable,0.003851459128782153,0.000999916,1,unreachable,0.004266083939000964,0.001258667,1
c4_disjunct_11,True,13,10,unreachable,0.003748917020857334,0.0008595,1,unreachable,0.003963541006669402,0.001066875,1
c4_disjunct_12,True,13,10,unreachable,0.0037283748388290405,0.000845083,1,unreachable,0.0041303751058876514,0.001095667,1
c4_disjunct_2,True,13,10,unreachable,0.004271375015377998,0.000900084,1,unreachable,0.003941958071663976,0.001100584,1
c4_disjunct_3,True,13,10,unreachable,0.0037674999330192804,0.000892125,1,unreachable,0.0038509590085595846,0.001116208,1
c4_disjunct_4,True,1,0,unreachable,0.00263591599650681,9.166e-06,1,unreachable,0.0024568329099565744,8.459e-06,1
c4_disjunct_5,False,13,10,unreachable,0.0037961669731885195,0.001007666,1,unreachable,0.004259040812030435,0.001266875,1
c4_disjunct_6,True,13,10,unreachable,0.00402624998241663,0.000884958,1,unreachable,0.0038725000340491533,0.001175792,1
c4_disjunct_7,True,13,10,unreachable,0.004027416929602623,0.000884209,1,unreachable,0.0038754590786993504,0.001148459,1
c4_disjunct_8,False,13,10,unreachable,0.0037838330026715994,0.001002583,1,unreachable,0.004296166822314262,0.001212125,1
c4_disjunct_9,False,13,10,unreachable,0.003975041909143329,0.001030417,1,unreachable,0.004145000129938126,0.001244667,1
c5_disjunct_0,False,17,22,reachable,0.014649542048573494,0.011871917,1,reachable,0.03564712521620095,0.032689292,1
c6_disjunct_0,False,15,14,reachable,0.0035732081159949303,0.000126875,1,reachable,0.003533374983817339,0.000140083,1
c7_disjunct_0,False,18,19,reachable,0.003982499940320849,0.000452,1,reachable,0.0037985420785844326,0.000464667,1
c8_disjunct_0,False,13,10,unreachable,0.004513542167842388,0.00106775,1,unreachable,0.004646624904125929,0.0013025,1
c8_disjunct_1,False,13,10,unreachable,0.004193207947537303,0.001047416,1,unreachable,0.004115541931241751,0.001382042,1
c8_disjunct_10,False,13,10,unreachable,0.004077874822542071,0.001005875,1,unreachable,0.004422958008944988,0.001246416,1
c8_disjunct_11,True,13,10,unreachable,0.005448374897241592,0.001049375,1,unreachable,0.005195499863475561,0.001292416,1
c8_disjunct_12,True,13,10,unreachable,0.004236582899466157,0.000961375,1,unreachable,0.004547832999378443,0.00121875,1
c8_disjunct_2,True,13,10,unreachable,0.0038190409541130066,0.000907917,1,unreachable,0.004081458784639835,0.00111125,1
c8_disjunct_3,True,13,10,unreachable,0.0036517910193651915,0.000943916,1,unreachable,0.003931750077754259,0.00113275,1
c8_disjunct_4,True,1,0,unreachable,0.0025825840421020985,9.25e-06,1,unreachable,0.002707500010728836,9.458e-06,1
c8_disjunct_5,False,13,10,unreachable,0.003759792074561119,0.001058167,1,unreachable,0.004368999972939491,0.001306,1
c8_disjunct_6,True,13,10,unreachable,0.0039407501462846994,0.000897292,1,unreachable,0.004373749950900674,0.001117708,1
c8_disjunct_7,True,13,10,unreachable,0.003988417098298669,0.000856625,1,unreachable,0.004188165999948978,0.001125584,1
c8_disjunct_8,False,13,10,unreachable,0.004289999837055802,0.001006375,1,unreachable,0.0042262920178473,0.001270375,1
c8_disjunct_9,False,13,10,unreachable,0.003979249857366085,0.000997125,1,unreachable,0.00468979193829,0.001278208,1
d1_disjunct_0,False,14,13,unreachable,0.005175791913643479,0.00164325,1,unreachable,0.005453375168144703,0.002106208,1
d1_disjunct_1,False,11,11,unreachable,0.004142290912568569,0.001084208,1,unreachable,0.006211041007190943,0.003079125,1
d1_disjunct_2,True,8,6,unreachable,0.0036752920132130384,0.0006055,1,unreachable,0.004594207974150777,0.001289375,1
d1_disjunct_3,False,11,8,unreachable,0.0037694161292165518,0.000790959,1,unreachable,0.005890542175620794,0.0027175,1
d1_disjunct_4,False,11,8,unreachable,0.0038824579678475857,0.000836416,1,unreachable,0.006000791909173131,0.0026905,1
d1_disjunct_5,False,14,13,unreachable,0.004321708809584379,0.001237792,1,unreachable,0.00419683288782835,0.00126775,1
d1_disjunct_6,False,11,11,unreachable,0.00384891708381474,0.000966125,1,unreachable,0.005830500042065978,0.002979542,1
d2_disjunct_0,False,18,25,reachable,0.0029502909164875746,7.7958e-05,1,reachable,0.0027451668865978718,8.075e-05,1
d3_disjunct_0,False,15,11,unreachable,0.003779832972213626,0.001066375,1,unreachable,0.004457457922399044,0.001524916,1
d3_disjunct_1,False,9,7,unreachable,0.003603000193834305,0.000781792,1,unreachable,0.004878083011135459,0.001916917,1
d3_disjunct_2,False,12,9,unreachable,0.004520583897829056,0.000938209,1,unreachable,0.005324999801814556,0.00130425,1
d3_disjunct_3,False,12,9,unreachable,0.0045498330146074295,0.000943625,1,unreachable,0.005412291968241334,0.00130075,1
d3_disjunct_4,False,18,17,unreachable,0.005554749863222241,0.001507083,1,unreachable,0.005063290940597653,0.001908083,1
d3_disjunct_5,False,15,15,unreachable,0.004301250213757157,0.001183792,1,unreachable,0.0053812500555068254,0.001530291,1
d3_disjunct_6,False,12,13,unreachable,0.004017250146716833,0.00107125,1,unreachable,0.007861000020056963,0.004552292,1
d4_disjunct_0,False,18,17,unreachable,0.005527416011318564,0.002294833,1,unreachable,0.006617499981075525,0.003093792,1
d4_disjunct_1,False,12,13,unreachable,0.004102041944861412,0.00118025,1,unreachable,0.007785250199958682,0.004208708,1
d4_disjunct_10,False,15,15,unreachable,0.00454925000667572,0.00125625,1,unreachable,0.004644540837034583,0.001511458,1
d4_disjunct_11,False,12,13,unreachable,0.003839000128209591,0.000943417,1,unreachable,0.007080791983753443,0.003909542,1
d4_disjunct_12,False,18,17,unreachable,0.0045174171682447195,0.001324917,1,unreachable,0.004947500070556998,0.001867125,1
d4_disjunct_13,False,15,15,unreachable,0.004368500085547566,0.001355792,1,unreachable,0.004604208981618285,0.001594416,1
d4_disjunct_14,False,12,13,unreachable,0.00410329201258719,0.001013334,1,unreachable,0.006824916927143931,0.003939041,1
d4_disjunct_2,False,15,15,unreachable,0.004658416844904423,0.00142,1,unreachable,0.005605708807706833,0.001833,1
d4_disjunct_3,False,15,15,unreachable,0.004342708038166165,0.001318292,1,unreachable,0.005097874905914068,0.001666,1
d4_disjunct_4,True,12,9,unreachable,0.00364004191942513,0.00081775,1,unreachable,0.0041844581719487906,0.001153125,1
d4_disjunct_5,False,9,7,unreachable,0.003913250053301454,0.000741375,1,unreachable,0.005183582892641425,0.002124333,1
d4_disjunct_6,False,15,11,unreachable,0.004073541145771742,0.001075333,1,unreachable,0.004517874913290143,0.001391333,1
d4_disjunct_7,False,15,11,unreachable,0.004000041866675019,0.001095417,1,unreachable,0.004778791917487979,0.001491291,1
d4_disjunct_8,False,12,9,unreachable,0.0037776250392198563,0.001036542,1,unreachable,0.004231458064168692,0.001179708,1
d4_disjunct_9,False,18,17,unreachable,0.004047583090141416,0.001311042,1,unreachable,0.004991374909877777,0.001995709,1
d5_disjunct_0,False,11,10,reachable,0.0028336660470813513,4.3333e-05,1,reachable,0.0028061249759048223,5.1291e-05,1
e1_disjunct_0,False,8,6,unreachable,0.0037465831264853477,0.001086625,1,unreachable,0.0035642909351736307,0.000791417,1
e2_disjunct_0,False,16,15,reachable,0.011294832918792963,0.008043417,1,reachable,0.033494916977360845,0.028975334,1
e3_disjunct_0,True,25,35,unreachable,0.008170291781425476,0.003663416,1,unreachable,0.009784125024452806,0.005285083,1
e3_disjunct_1,True,25,35,unreachable,0.007061624899506569,0.003269292,1,unreachable,0.00892566703259945,0.005233792,1
e3_disjunct_2,False,25,35,reachable,0.056413708021864295,0.052771459,1,reachable,0.06690649990923703,0.0630475,1
e4_disjunct_0,True,29,43,unreachable,0.008689916925504804,0.004753917,1,unreachable,0.011814125115051866,0.008072791,1
e4_disjunct_1,True,29,43,unreachable,0.008534083841368556,0.004619709,1,unreachable,0.011443458963185549,0.008037625,1
e4_disjunct_2,False,29,43,reachable,0.09879083302803338,0.095407334,1,reachable,0.12860970897600055,0.124706916,1
e7_disjunct_0,False,8,6,unreachable,0.004438041942194104,0.001151541,1,unreachable,0.004042875021696091,0.000852125,1
f1_disjunct_0,True,1,0,unreachable,0.0031732500065118074,1.1375e-05,1,unreachable,0.0031072921119630337,1.1375e-05,1
f2_disjunct_0,False,14,23,reachable,0.0031500831246376038,0.000245417,1,reachable,0.0028332090005278587,0.000237167,1
f3_disjunct_0,False,17,16,reachable,0.003326625097543001,0.000197375,1,reachable,0.0032435827888548374,0.000224917,1
f4_disjunct_0,True,5,4,unreachable,0.00335312495008111,0.000604,1,unreachable,0.0035100418608635664,0.00067075,1
f4_disjunct_1,True,5,4,unreachable,0.003450667019933462,0.000593458,1,unreachable,0.0034786248579621315,0.0006715,1
f4_disjunct_2,True,5,4,unreachable,0.003508542198687792,0.00059025,1,unreachable,0.0033851671032607555,0.000679666,1
f4_disjunct_3,True,5,4,unreachable,0.003323375014588237,0.000767792,1,unreachable,0.003287749830633402,0.000698167,1
f4_disjunct_4,True,5,4,unreachable,0.0032925831619650126,0.000643458,1,unreachable,0.003521041013300419,0.000699041,1
f5_disjunct_0,False,7,5,unreachable,0.003344208002090454,0.000671875,1,unreachable,0.003626624820753932,0.0008745,1
f5_disjunct_1,False,10,10,unreachable,0.0035424998495727777,0.000904542,1,unreachable,0.004980332916602492,0.001953458,1
f5_disjunct_10,False,10,10,unreachable,0.004189625149592757,0.000863375,1,unreachable,0.005070332903414965,0.001872958,1
f5_disjunct_11,False,10,10,unreachable,0.0037752080243080854,0.000856542,1,unreachable,0.004924834007397294,0.001804291,1
f5_disjunct_12,False,10,10,unreachable,0.00366024998947978,0.000865459,1,unreachable,0.0047681250143796206,0.001854333,1
f5_disjunct_13,False,8,7,unreachable,0.0035107091534882784,0.000720375,1,unreachable,0.003978208173066378,0.001219125,1
f5_disjunct_14,False,10,10,unreachable,0.003712457837536931,0.000861291,1,unreachable,0.004950374830514193,0.001912625,1
f5_disjunct_15,False,10,10,unreachable,0.0037867920473217964,0.000912875,1,unreachable,0.0049897918943315744,0.00196775,1
f5_disjunct_16,False,10,10,unreachable,0.004039666848257184,0.000963667,1,unreachable,0.005674791056662798,0.002040625,1
f5_disjunct_17,False,8,7,unreachable,0.005115666892379522,0.001156292,1,unreachable,0.005891459062695503,0.001398625,1
f5_disjunct_18,False,8,7,unreachable,0.003736458020284772,0.000704792,1,unreachable,0.0043856671545654535,0.001230583,1
f5_disjunct_19,False,10,10,unreachable,0.004079541889950633,0.0009785,1,unreachable,0.004936959128826857,0.001921625,1
f5_disjunct_2,False,7,5,unreachable,0.003544667037203908,0.000651833,1,unreachable,0.0034486670047044754,0.000863125,1
f5_disjunct_20,False,10,10,unreachable,0.003945667063817382,0.000810833,1,unreachable,0.004944040905684233,0.00193475,1
f5_disjunct_3,False,10,10,unreachable,0.0038904170505702496,0.000826959,1,unreachable,0.0051036670338362455,0.00178875,1
f5_disjunct_4,False,10,10,unreachable,0.0046038751024752855,0.001035458,1,unreachable,0.005270290886983275,0.001807375,1
f5_disjunct_5,False,10,10,unreachable,0.00430024997331202,0.00090025,1,unreachable,0.00502849998883903,0.002053125,1
f5_disjunct_6,False,5,3,unreachable,0.003502042032778263,0.000459916,1,unreachable,0.003480249783024192,0.000802625,1
f5_disjunct_7,False,7,5,unreachable,0.0037293750792741776,0.000711708,1,unreachable,0.0038580831605941057,0.000828042,1
f5_disjunct_8,False,7,5,unreachable,0.0033338749781250954,0.000628625,1,unreachable,0.004047624999657273,0.000905833,1
f5_disjunct_9,False,8,7,unreachable,0.003933666972443461,0.000737167,1,unreachable,0.004326708149164915,0.001206875,1
f6_disjunct_0,False,9,11,reachable,0.0027611658442765474,7.175e-05,1,reachable,0.002911207964643836,7.8833e-05,1
f7_disjunct_0,False,8,9,reachable,0.0029212499503046274,6.1042e-05,1,reachable,0.0026868339627981186,6.0375e-05,1
f8_disjunct_0,True,1,0,unreachable,0.002603875007480383,9.458e-06,1,unreachable,0.0024304590187966824,8.875e-06,1
f8_disjunct_1,False,9,11,reachable,0.002660708036273718,5.2625e-05,1,reachable,0.0027275828178972006,5.2167e-05,1
g1_disjunct_0,False,56,103,reachable,0.3688180421013385,0.365211375,1,reachable,0.4158247080631554,0.411428334,1
g2_disjunct_0,True,37,48,unreachable,0.00942545896396041,0.005449333,1,unreachable,0.014340499881654978,0.010536542,1
g2_disjunct_1,False,37,48,unknown,1.71943424991332,1.711047625,1,unknown,1.7204883750528097,1.711740459,1
g3_disjunct_0,True,39,55,unreachable,0.012714416952803731,0.008607792,1,unreachable,0.019973207963630557,0.015480375,1
g3_disjunct_1,False,39,55,reachable,0.1801031669601798,0.176169167,1,reachable,0.22059204103425145,0.216513625,1
g4_disjunct_0,False,30,49,reachable,0.10815762495622039,0.076905209,1,reachable,0.10356137505732477,0.098250458,1
g5_disjunct_0,True,16,17,unreachable,0.00498474994674325,0.001149666,1,unreachable,0.004799749935045838,0.001575917,1
g5_disjunct_1,True,16,17,unreachable,0.0043367501348257065,0.001120667,1,unreachable,0.004741417011246085,0.001595333,1
g5_disjunct_2,True,1,0,unreachable,0.0028648339211940765,9.75e-06,1,unreachable,0.002417708048596978,1.1625e-05,1
g5_disjunct_3,True,1,0,unreachable,0.0027695829048752785,9.541e-06,1,unreachable,0.002520791022107005,8.625e-06,1
g5_disjunct_4,True,1,0,unreachable,0.002454834058880806,8.958e-06,1,unreachable,0.0029984170105308294,9.417e-06,1
g5_disjunct_5,False,16,17,unreachable,0.00404883292503655,0.001407084,1,unreachable,0.00506999995559454,0.001898,1
g6_disjunct_0,True,1,0,unreachable,0.0034778330009430647,1.2042e-05,1,unreachable,0.0031278340611606836,1.1375e-05,1
g6_disjunct_1,True,1,0,unreachable,0.0033794171176850796,1.3833e-05,1,unreachable,0.003106999909505248,1.1e-05,1
g6_disjunct_10,False,17,18,unreachable,0.004960875026881695,0.001677125,1,unreachable,0.005235625198110938,0.002097625,1
g6_disjunct_11,False,17,18,unreachable,0.004679375095292926,0.001547375,1,unreachable,0.0056940000504255295,0.0021595,1
g6_disjunct_12,False,15,16,unreachable,0.004696332849562168,0.001430459,1,unreachable,0.0052254588808864355,0.0018075,1
g6_disjunct_13,False,19,20,unreachable,0.0046473341062664986,0.001682125,1,unreachable,0.005592957837507129,0.002425792,1
g6_disjunct_14,False,17,17,unreachable,0.004633708158507943,0.00149725,1,unreachable,0.004740624921396375,0.001898792,1
g6_disjunct_15,True,5,3,unreachable,0.0037537079770118,0.000483,1,unreachable,0.0033480417914688587,0.000648667,1
g6_disjunct_16,True,5,3,unreachable,0.00374549999833107,0.000479958,1,unreachable,0.0034354578237980604,0.000673791,1
g6_disjunct_17,True,5,3,unreachable,0.0032769578974694014,0.000478292,1,unreachable,0.003048375016078353,0.000677833,1
g6_disjunct_18,False,19,20,unreachable,0.004820541013032198,0.001672834,1,unreachable,0.005376416025683284,0.002681375,1
g6_disjunct_19,False,19,20,unreachable,0.004626834066584706,0.001663917,1,unreachable,0.005369541002437472,0.0023865,1
g6_disjunct_2,True,1,0,unreachable,0.003240582998842001,1.1833e-05,1,unreachable,0.00299754086881876,1.2e-05,1
g6_disjunct_20,True,10,7,unreachable,0.004458167124539614,0.000809666,1,unreachable,0.005531207891181111,0.002466541,1
g6_disjunct_21,True,10,7,unreachable,0.003887917147949338,0.000807917,1,unreachable,0.005545374937355518,0.0023395,1
g6_disjunct_22,False,22,24,unreachable,0.017246499890461564,0.002096333,1,unreachable,0.010229458101093769,0.003052916,1
g6_disjunct_23,False,20,22,reachable,0.0033088340424001217,5.9792e-05,1,reachable,0.002859791973605752,5.8791e-05,1
g6_disjunct_3,False,15,15,unreachable,0.004069125046953559,0.001364541,1,unreachable,0.004303333116695285,0.001671708,1
g6_disjunct_4,True,10,10,unreachable,0.004104499937966466,0.000722417,1,unreachable,0.004890583921223879,0.002114625,1
g6_disjunct_5,False,10,10,unreachable,0.0037608330603688955,0.000856625,1,unreachable,0.004915416007861495,0.002006,1
g6_disjunct_6,False,15,15,unreachable,0.004474124871194363,0.001404208,1,unreachable,0.004673667019233108,0.001782958,1
g6_disjunct_7,False,15,15,unreachable,0.005231708055362105,0.001410667,1,unreachable,0.005378125002607703,0.0021685,1
g6_disjunct_8,False,17,18,unreachable,0.0049187911208719015,0.001579709,1,unreachable,0.007243833038955927,0.002108916,1
g6_disjunct_9,True,1,0,unreachable,0.0031409170478582382,1.2583e-05,1,unreachable,0.002411708002910018,1.0083e-05,1
g7_disjunct_0,True,1,0,unreachable,0.0032238331623375416,1.8125e-05,1,unreachable,0.002679291879758239,1.0083e-05,1
g7_disjunct_1,True,1,0,unreachable,0.0031488751992583275,1.6458e-05,1,unreachable,0.0029217081610113382,1.0208e-05,1
g7_disjunct_10,False,13,9,unreachable,0.004016125109046698,0.001018542,1,unreachable,0.004193458007648587,0.001212042,1
g7_disjunct_11,True,5,3,unreachable,0.0037098750472068787,0.000470042,1,unreachable,0.0032959580421447754,0.000637667,1
g7_disjunct_12,True,5,3,unreachable,0.0037564998492598534,0.000500334,1,unreachable,0.0034352499060332775,0.00063725,1
g7_disjunct_13,False,15,12,unreachable,0.004290167009457946,0.001115666,1,unreachable,0.004660042002797127,0.001694625,1
g7_disjunct_14,False,15,12,unreachable,0.004097583005204797,0.001089084,1,unreachable,0.004582999972626567,0.001392917,1
g7_disjunct_15,True,10,7,unreachable,0.003538541030138731,0.000777708,1,unreachable,0.005349874962121248,0.002212,1
g7_disjunct_16,False,18,15,unreachable,0.004393167095258832,0.001302792,1,unreachable,0.004975124960765243,0.001827625,1
g7_disjunct_17,True,12,9,unreachable,0.003465167013928294,0.0007885,1,unreachable,0.0063336670864373446,0.003687792,1
g7_disjunct_18,False,18,15,unreachable,0.0045774998143315315,0.0012615,1,unreachable,0.004529792116954923,0.001727875,1
g7_disjunct_19,False,18,15,unreachable,0.0044280418660491705,0.001280333,1,unreachable,0.004915541969239712,0.00176,1
g7_disjunct_2,False,10,7,unreachable,0.004152082838118076,0.000833709,1,unreachable,0.005369875114411116,0.002387583,1
g7_disjunct_20,False,16,12,unreachable,0.004674332914873958,0.0011235,1,unreachable,0.00431737513281405,0.001583334,1
g7_disjunct_21,True,10,7,unreachable,0.0035962918773293495,0.00075125,1,unreachable,0.005139124812558293,0.002167125,1
g7_disjunct_3,True,5,3,unreachable,0.0036211248952895403,0.0004885,1,unreachable,0.0035619158297777176,0.000652959,1
g7_disjunct_4,False,10,7,unreachable,0.0038262498565018177,0.001046417,1,unreachable,0.0052822919096797705,0.00234525,1
g7_disjunct_5,False,12,9,unreachable,0.004006916889920831,0.000968584,1,unreachable,0.007190915988758206,0.004376459,1
g7_disjunct_6,True,1,0,unreachable,0.0028862080071121454,1.0791e-05,1,unreachable,0.0024124172050505877,8.292e-06,1
g7_disjunct_7,False,12,9,unreachable,0.003559333039447665,0.000930416,1,unreachable,0.006342499982565641,0.003875,1
g7_disjunct_8,False,12,9,unreachable,0.003522207960486412,0.000947083,1,unreachable,0.006454790942370892,0.00399375,1
g7_disjunct_9,False,15,12,unreachable,0.004278666106984019,0.001077084,1,unreachable,0.004081833874806762,0.001401458,1
