query,constant_false,places,transitions,best-first_verdict,best-first_wall_seconds,best-first_solver_seconds,best-first_repeats,bfs_verdict,bfs_wall_seconds,bfs_solver_seconds,bfs_repeats,portfolio_verdict,portfolio_wall_seconds,portfolio_solver_seconds,portfolio_repeats,state-equation_verdict,state-equation_wall_seconds,state-equation_solver_seconds,state-equation_repeats
a2_disjunct_0,False,8,7,unknown,0.07638495904393494,0.072570417,1,reachable,0.00945687503553927,8.5e-05,1,reachable,0.003134208032861352,3.5375e-05,1,unknown,0.003955084132030606,0.000406666,1
a6_disjunct_0,True,11,11,unknown,0.11671700002625585,0.110875708,1,unknown,0.11328350007534027,0.108925583,1,unreachable,0.009793333010748029,0.005089375,1,unreachable,0.00527587509714067,0.000260625,1
a6_disjunct_1,False,11,11,unknown,0.13592345896176994,0.130765917,1,reachable,0.004737833980470896,0.000159917,1,reachable,0.010106749832630157,0.000525709,1,unknown,0.008660166058689356,0.000782042,1
d1_disjunct_0,False,14,13,unknown,0.26101833395659924,0.254358083,1,unknown,0.1392887921538204,0.132315333,1,unknown,0.32301945914514363,0.316622875,1,unknown,0.06639245804399252,0.059682875,1
d1_disjunct_1,False,11,11,unknown,0.234321708092466,0.227033,1,unknown,0.1407181250397116,0.132936292,1,unreachable,0.04274958395399153,0.036597458,1,unreachable,0.04137808317318559,0.033793667,1
d1_disjunct_2,True,8,6,unknown,0.14091470814310014,0.136664416,1,unknown,0.09304033312946558,0.087686541,1,unreachable,0.01105991704389453,0.005355709,1,unreachable,0.004647416993975639,0.000131125,1
d1_disjunct_3,False,11,8,unknown,0.16731524979695678,0.162586625,1,unknown,0.11432674992829561,0.107964083,1,unreachable,0.009337333962321281,0.004496709,1,unreachable,0.006621333071961999,0.000810458,1
d1_disjunct_4,False,11,8,unknown,0.1508940828498453,0.141354458,1,unknown,0.09173400001600385,0.086941083,1,unreachable,0.009191958932206035,0.004709834,1,unreachable,0.0065473748836666346,0.001749958,1
d1_disjunct_5,False,14,13,unknown,0.19021929102018476,0.185362417,1,unknown,0.11288608284667134,0.108024125,1,unreachable,0.00881312508136034,0.00512275,1,unreachable,0.005187459057196975,0.0011755,1
d1_disjunct_6,False,11,11,unknown,0.16006083320826292,0.156138167,1,unknown,0.10211424995213747,0.097435334,1,unreachable,0.007644416997209191,0.003895792,1,unreachable,0.004334625089541078,0.000808292,1
e1_disjunct_0,False,8,6,unknown,0.08070087502710521,0.076641833,1,unknown,0.07346154213882983,0.069464875,1,unknown,0.07713279197923839,0.073712041,1,unknown,0.0039488328620791435,0.000224584,1
g4_disjunct_0,False,30,49,unknown,0.47940562502481043,0.473660958,1,reachable,0.006650166120380163,0.002966083,1,reachable,0.006762915989384055,0.002428833,1,unknown,0.016478083096444607,0.012392625,1
