query,constant_false,places,transitions,kreach_verdict,kreach_wall_seconds,kreach_solver_seconds,kreach_repeats
a2_disjunct_0,False,8,7,unknown,2.0093039998319,2.0093039998319,1
a4_disjunct_0,True,9,8,unreachable,0.36982070794329047,0.36982070794329047,1
a4_disjunct_1,True,9,8,unreachable,0.3646365839522332,0.3646365839522332,1
a5_disjunct_0,True,12,14,unreachable,1.9529719578567892,1.9529719578567892,1
a5_disjunct_1,True,12,14,unreachable,1.5338977498468012,1.5338977498468012,1
a5_disjunct_2,True,12,14,unreachable,1.0765263750217855,1.0765263750217855,1
a5_disjunct_3,True,12,14,unreachable,1.603100375039503,1.603100375039503,1
a5_disjunct_4,True,12,14,unreachable,1.720779542112723,1.720779542112723,1
a5_disjunct_5,True,12,14,unreachable,1.761106041027233,1.761106041027233,1
a5_disjunct_6,True,4,3,unreachable,0.432778500020504,0.432778500020504,1
a5_disjunct_7,True,4,3,unreachable,0.43378333398140967,0.43378333398140967,1
a5_disjunct_8,True,4,3,unreachable,0.4201637909281999,0.4201637909281999,1
a6_disjunct_0,True,11,11,unreachable,0.6151637500151992,0.6151637500151992,1
a6_disjunct_1,False,11,11,unknown,2.0072865418624133,2.0072865418624133,1
b1_disjunct_0,True,9,7,unreachable,0.5320018751081079,0.5320018751081079,1
b1_disjunct_1,False,9,7,unreachable,0.8117887920234352,0.8117887920234352,1
b2_disjunct_0,False,16,19,unknown,2.01303766714409,2.01303766714409,1
b2_disjunct_1,False,17,20,unknown,2.014229000080377,2.014229000080377,1
b2_disjunct_2,False,17,20,unknown,2.0114894579164684,2.0114894579164684,1
b2_disjunct_3,False,18,21,unknown,2.011063499841839,2.011063499841839,1
b2_disjunct_4,False,18,21,unknown,2.0138883339241147,2.0138883339241147,1
b2_disjunct_5,False,17,20,unknown,2.010619416832924,2.010619416832924,1
b3_disjunct_0,False,17,18,unknown,2.0137679160106927,2.0137679160106927,1
b3_disjunct_1,False,17,18,unknown,2.0110299170482904,2.0110299170482904,1
b4_disjunct_0,False,17,18,unknown,2.011480333050713,2.011480333050713,1
b4_disjunct_1,False,17,18,unknown,2.0147191248834133,2.0147191248834133,1
c1_disjunct_0,False,24,38,unknown,2.012869792059064,2.012869792059064,1
c2_disjunct_0,False,18,14,unknown,2.0194901670329273,2.0194901670329273,1
c2_disjunct_1,False,18,14,unknown,2.0111392908729613,2.0111392908729613,1
c2_disjunct_10,True,18,14,unknown,2.013374541886151,2.013374541886151,1
c2_disjunct_11,True,5,3,unreachable,0.44690112490206957,0.44690112490206957,1
c2_disjunct_12,True,8,6,unreachable,0.8089292501099408,0.8089292501099408,1
c2_disjunct_13,False,18,14,unreachable,1.9105903750751168,1.9105903750751168,1
c2_disjunct_14,False,18,14,unreachable,1.5521754589863122,1.5521754589863122,1
c2_disjunct_15,False,18,14,unknown,2.0148681660648435,2.0148681660648435,1
c2_disjunct_16,True,18,14,unknown,2.0141937921289355,2.0141937921289355,1
c2_disjunct_17,True,18,14,unreachable,1.9163367089349777,1.9163367089349777,1
c2_disjunct_18,False,18,14,unreachable,1.6528945839963853,1.6528945839963853,1
c2_disjunct_19,False,18,14,unknown,2.0128616669680923,2.0128616669680923,1
c2_disjunct_2,False,18,14,unknown,2.010796916903928,2.010796916903928,1
c2_disjunct_20,False,18,14,unreachable,1.9807936670258641,1.9807936670258641,1
c2_disjunct_21,False,18,14,unknown,2.014428624883294,2.014428624883294,1
c2_disjunct_22,False,18,14,unknown,2.0083404169417918,2.0083404169417918,1
c2_disjunct_23,True,18,14,unknown,2.0122286251280457,2.0122286251280457,1
c2_disjunct_24,True,18,14,unknown,2.009159917011857,2.009159917011857,1
c2_disjunct_3,True,18,14,unknown,2.0136532080359757,2.0136532080359757,1
c2_disjunct_4,True,18,14,unknown,2.0086087079253048,2.0086087079253048,1
c2_disjunct_5,True,1,0,unreachable,0.48898533289320767,0.48898533289320767,1
c2_disjunct_6,True,1,0,unreachable,0.5132166249677539,0.5132166249677539,1
c2_disjunct_7,True,8,6,unreachable,1.0199167921673506,1.0199167921673506,1
c2_disjunct_8,False,18,14,unknown,2.0100713330321014,2.0100713330321014,1
c2_disjunct_9,True,18,14,unknown,2.015568417031318,2.015568417031318,1
c3_disjunct_0,False,8,6,unreachable,0.7948709998745471,0.7948709998745471,1
c3_disjunct_1,True,8,6,unreachable,0.7822085418738425,0.7822085418738425,1
c3_disjunct_2,True,8,6,unreachable,0.7930201250128448,0.7930201250128448,1
c3_disjunct_3,False,8,6,unreachable,0.819770541973412,0.819770541973412,1
c3_disjunct_4,True,8,6,unreachable,0.9097556669730693,0.9097556669730693,1
c3_disjunct_5,True,8,6,unreachable,0.8251899159513414,0.8251899159513414,1
c4_disjunct_0,False,13,10,unreachable,1.7241777500603348,1.7241777500603348,1
c4_disjunct_1,False,13,10,unreachable,1.6173539590090513,1.6173539590090513,1
c4_disjunct_10,False,13,10,unreachable,1.761413832893595,1.761413832893595,1
c4_disjunct_11,True,13,10,unreachable,1.4816004170570523,1.4816004170570523,1
c4_disjunct_12,True,13,10,unreachable,1.272350792074576,1.272350792074576,1
c4_disjunct_2,True,13,10,unreachable,1.3199191668536514,1.3199191668536514,1
c4_disjunct_3,True,13,10,unreachable,1.2911984999664128,1.2911984999664128,1
c4_disjunct_4,True,1,0,unreachable,0.29138099984265864,0.29138099984265864,1
c4_disjunct_5,False,13,10,unreachable,1.008307500043884,1.008307500043884,1
c4_disjunct_6,True,13,10,unreachable,1.3518714169040322,1.3518714169040322,1
c4_disjunct_7,True,13,10,unreachable,1.2476904580835253,1.2476904580835253,1
c4_disjunct_8,False,13,10,unreachable,1.462849791161716,1.462849791161716,1
c4_disjunct_9,False,13,10,unreachable,1.838185042142868,1.838185042142868,1
c5_disjunct_0,False,17,22,unknown,2.017589124850929,2.017589124850929,1
c6_disjunct_0,False,15,14,unknown,2.010065292008221,2.010065292008221,1
c7_disjunct_0,False,18,19,unknown,2.016000624978915,2.016000624978915,1
c8_disjunct_0,False,13,10,unreachable,1.9015375410672277,1.9015375410672277,1
c8_disjunct_1,False,13,10,unreachable,1.3330681670922786,1.3330681670922786,1
c8_disjunct_10,False,13,10,unreachable,1.6185761669185013,1.6185761669185013,1
c8_disjunct_11,True,13,10,unreachable,1.082175583112985,1.082175583112985,1
c8_disjunct_12,True,13,10,unreachable,1.1923277080059052,1.1923277080059052,1
c8_disjunct_2,True,13,10,unreachable,1.39469441678375,1.39469441678375,1
c8_disjunct_3,True,13,10,unreachable,1.236274667084217,1.236274667084217,1
c8_disjunct_4,True,1,0,unreachable,0.32931841700337827,0.32931841700337827,1
c8_disjunct_5,False,13,10,unreachable,1.3413484159391373,1.3413484159391373,1
c8_disjunct_6,True,13,10,unreachable,1.3173877091612667,1.3173877091612667,1
c8_disjunct_7,True,13,10,unreachable,1.1508325000759214,1.1508325000759214,1
c8_disjunct_8,False,13,10,unreachable,1.3321492918767035,1.3321492918767035,1
c8_disjunct_9,False,13,10,unreachable,1.550576166016981,1.550576166016981,1
d1_disjunct_0,False,14,13,unknown,2.0119857089594007,2.0119857089594007,1
d1_disjunct_1,False,11,11,unreachable,0.5493018329143524,0.5493018329143524,1
d1_disjunct_2,True,8,6,unreachable,0.4452223749831319,0.4452223749831319,1
d1_disjunct_3,False,11,8,unreachable,0.443583165993914,0.443583165993914,1
d1_disjunct_4,False,11,8,unreachable,0.4320817079860717,0.4320817079860717,1
d1_disjunct_5,False,14,13,unreachable,0.5421283340547234,0.5421283340547234,1
d1_disjunct_6,False,11,11,unreachable,0.46368241612799466,0.46368241612799466,1
d2_disjunct_0,False,18,25,unknown,2.012853874824941,2.012853874824941,1
d3_disjunct_0,False,15,11,unreachable,0.7285334579646587,0.7285334579646587,1
d3_disjunct_1,False,9,7,unreachable,0.9243373339995742,0.9243373339995742,1
d3_disjunct_2,False,12,9,unreachable,0.5266795409843326,0.5266795409843326,1
d3_disjunct_3,False,12,9,unreachable,0.5531959589570761,0.5531959589570761,1
d3_disjunct_4,False,18,17,unreachable,0.9229634578805417,0.9229634578805417,1
d3_disjunct_5,False,15,15,unreachable,0.7828296669758856,0.7828296669758856,1
d3_disjunct_6,False,12,13,unreachable,0.8061991669237614,0.8061991669237614,1
d4_disjunct_0,False,18,17,unknown,2.012874084059149,2.012874084059149,1
d4_disjunct_1,False,12,13,unknown,2.014428999973461,2.014428999973461,1
d4_disjunct_10,False,15,15,unreachable,0.7601172919385135,0.7601172919385135,1
d4_disjunct_11,False,12,13,unreachable,0.7016013329848647,0.7016013329848647,1
d4_disjunct_12,False,18,17,unreachable,0.8891914158593863,0.8891914158593863,1
d4_disjunct_13,False,15,15,unreachable,0.8282092090230435,0.8282092090230435,1
d4_disjunct_14,False,12,13,unreachable,0.715191749855876,0.715191749855876,1
d4_disjunct_2,False,15,15,unreachable,0.803167083999142,0.803167083999142,1
d4_disjunct_3,False,15,15,unreachable,0.8660948330070823,0.8660948330070823,1
d4_disjunct_4,True,12,9,unreachable,0.821325666969642,0.821325666969642,1
d4_disjunct_5,False,9,7,unreachable,0.638763917144388,0.638763917144388,1
d4_disjunct_6,False,15,11,unreachable,0.8031737911514938,0.8031737911514938,1
d4_disjunct_7,False,15,11,unreachable,0.7671569169033319,0.7671569169033319,1
d4_disjunct_8,False,12,9,unreachable,0.7210422910284251,0.7210422910284251,1
d4_disjunct_9,False,18,17,unreachable,0.9423599170986563,0.9423599170986563,1
d5_disjunct_0,False,11,10,unknown,2.0105864580255,2.0105864580255,1
e1_disjunct_0,False,8,6,unknown,2.0113548329100013,2.0113548329100013,1
e2_disjunct_0,False,16,15,unknown,2.0126559170894325,2.0126559170894325,1
e3_disjunct_0,True,25,35,unknown,2.018174375174567,2.018174375174567,1
e3_disjunct_1,True,25,35,unknown,2.0168676250614226,2.0168676250614226,1
e3_disjunct_2,False,25,35,unknown,2.010703665902838,2.010703665902838,1
e4_disjunct_0,True,29,43,unknown,2.010039750020951,2.010039750020951,1
e4_disjunct_1,True,29,43,unknown,2.013818624895066,2.013818624895066,1
e4_disjunct_2,False,29,43,unknown,2.011367791099474,2.011367791099474,1
e7_disjunct_0,False,8,6,unknown,2.012817082926631,2.012817082926631,1
f1_disjunct_0,True,1,0,unreachable,0.23472175002098083,0.23472175002098083,1
f2_disjunct_0,False,14,23,unknown,2.0122520418372005,2.0122520418372005,1
f3_disjunct_0,False,17,16,unknown,2.0132174999453127,2.0132174999453127,1
f4_disjunct_0,True,5,4,unreachable,0.8892365000210702,0.8892365000210702,1
f4_disjunct_1,True,5,4,unreachable,0.805381250102073,0.805381250102073,1
f4_disjunct_2,True,5,4,unreachable,0.7757295418996364,0.7757295418996364,1
f4_disjunct_3,True,5,4,unreachable,0.8710207911208272,0.8710207911208272,1
f4_disjunct_4,True,5,4,unreachable,0.7537520830519497,0.7537520830519497,1
f5_disjunct_0,False,7,5,unreachable,0.44920762488618493,0.44920762488618493,1
f5_disjunct_1,False,10,10,unreachable,0.42224733298644423,0.42224733298644423,1
f5_disjunct_10,False,10,10,unreachable,0.7011801670305431,0.7011801670305431,1
f5_disjunct_11,False,10,10,unreachable,0.6539508327841759,0.6539508327841759,1
f5_disjunct_12,False,10,10,unreachable,0.6062659160234034,0.6062659160234034,1
f5_disjunct_13,False,8,7,unreachable,0.26246424997225404,0.26246424997225404,1
f5_disjunct_14,False,10,10,unreachable,0.7234161249361932,0.7234161249361932,1
f5_disjunct_15,False,10,10,unreachable,0.44933304213918746,0.44933304213918746,1
f5_disjunct_16,False,10,10,unreachable,0.4131094580516219,0.4131094580516219,1
f5_disjunct_17,False,8,7,unreachable,0.49768554186448455,0.49768554186448455,1
f5_disjunct_18,False,8,7,unreachable,0.5020627910271287,0.5020627910271287,1
f5_disjunct_19,False,10,10,unreachable,0.43541845795698464,0.43541845795698464,1
f5_disjunct_2,False,7,5,unreachable,0.42041304102167487,0.42041304102167487,1
f5_disjunct_20,False,10,10,unreachable,0.3747462921310216,0.3747462921310216,1
f5_disjunct_3,False,10,10,unreachable,0.35108016710728407,0.35108016710728407,1
f5_disjunct_4,False,10,10,unreachable,0.7251170000527054,0.7251170000527054,1
f5_disjunct_5,False,10,10,unreachable,0.7481460410635918,0.7481460410635918,1
f5_disjunct_6,False,5,3,unreachable,0.31039695884101093,0.31039695884101093,1
f5_disjunct_7,False,7,5,unreachable,0.5510950000025332,0.5510950000025332,1
f5_disjunct_8,False,7,5,unreachable,0.4806537078693509,0.4806537078693509,1
f5_disjunct_9,False,8,7,unreachable,0.2962533328682184,0.2962533328682184,1
f6_disjunct_0,False,9,11,unknown,2.013616417068988,2.013616417068988,1
f7_disjunct_0,False,8,9,unknown,2.0089508751407266,2.0089508751407266,1
f8_disjunct_0,True,1,0,unreachable,0.20150437485426664,0.20150437485426664,1
f8_disjunct_1,False,9,11,unknown,2.0142367919906974,2.0142367919906974,1
g1_disjunct_0,False,56,103,unknown,2.0160248749889433,2.0160248749889433,1
g2_disjunct_0,True,37,48,unknown,2.018812125083059,2.018812125083059,1
g2_disjunct_1,False,37,48,unknown,2.0191746670752764,2.0191746670752764,1
g3_disjunct_0,True,39,55,unknown,2.0186324999667704,2.0186324999667704,1
g3_disjunct_1,False,39,55,unknown,2.01891658292152,2.01891658292152,1
g4_disjunct_0,False,30,49,unknown,2.0128467918839306,2.0128467918839306,1
g5_disjunct_0,True,16,17,unknown,2.010309125063941,2.010309125063941,1
g5_disjunct_1,True,16,17,unknown,2.012603374896571,2.012603374896571,1
g5_disjunct_2,True,1,0,unreachable,0.5500983751844615,0.5500983751844615,1
g5_disjunct_3,True,1,0,unreachable,0.6007133750244975,0.6007133750244975,1
g5_disjunct_4,True,1,0,unreachable,0.6156098749488592,0.6156098749488592,1
g5_disjunct_5,False,16,17,unknown,2.0182660000864416,2.0182660000864416,1
g6_disjunct_0,True,1,0,unreachable,0.44718908285722136,0.44718908285722136,1
g6_disjunct_1,True,1,0,unreachable,0.5970501247793436,0.5970501247793436,1
g6_disjunct_10,False,17,18,unreachable,1.6115524170454592,1.6115524170454592,1
g6_disjunct_11,False,17,18,unreachable,1.63372283289209,1.63372283289209,1
g6_disjunct_12,False,15,16,unreachable,1.3192497498821467,1.3192497498821467,1
g6_disjunct_13,False,19,20,unreachable,1.8047660829033703,1.8047660829033703,1
g6_disjunct_14,False,17,17,unreachable,1.5111247501336038,1.5111247501336038,1
g6_disjunct_15,True,5,3,unreachable,0.5598708749748766,0.5598708749748766,1
g6_disjunct_16,True,5,3,unreachable,0.5925851250067353,0.5925851250067353,1
g6_disjunct_17,True,5,3,unreachable,0.5920269580092281,0.5920269580092281,1
g6_disjunct_18,False,19,20,unreachable,1.7417704588733613,1.7417704588733613,1
g6_disjunct_19,False,19,20,unreachable,1.42044408316724,1.42044408316724,1
g6_disjunct_2,True,1,0,unreachable,0.34706012485548854,0.34706012485548854,1
g6_disjunct_20,True,10,7,unreachable,0.8568111669737846,0.8568111669737846,1
g6_disjunct_21,True,10,7,unreachable,1.103169791167602,1.103169791167602,1
g6_disjunct_22,False,22,24,unknown,2.015503541799262,2.015503541799262,1
g6_disjunct_23,False,20,22,unknown,2.0100184578914195,2.0100184578914195,1
g6_disjunct_3,False,15,15,unreachable,1.1842658340465277,1.1842658340465277,1
g6_disjunct_4,True,10,10,unreachable,0.5738838750403374,0.5738838750403374,1
g6_disjunct_5,False,10,10,unreachable,0.5799781670793891,0.5799781670793891,1
g6_disjunct_6,False,15,15,unreachable,1.117859125137329,1.117859125137329,1
g6_disjunct_7,False,15,15,unreachable,1.3841293340083212,1.3841293340083212,1
g6_disjunct_8,False,17,18,unreachable,1.161681791068986,1.161681791068986,1
g6_disjunct_9,True,1,0,unreachable,0.35273137502372265,0.35273137502372265,1
g7_disjunct_0,True,1,0,unreachable,0.32197150005958974,0.32197150005958974,1
g7_disjunct_1,True,1,0,unreachable,0.42742408299818635,0.42742408299818635,1
g7_disjunct_10,False,13,9,unreachable,1.052071375073865,1.052071375073865,1
g7_disjunct_11,True,5,3,unreachable,0.3925667079165578,0.3925667079165578,1
g7_disjunct_12,True,5,3,unreachable,0.3505803330335766,0.3505803330335766,1
g7_disjunct_13,False,15,12,unreachable,1.0939059590455145,1.0939059590455145,1
g7_disjunct_14,False,15,12,unreachable,1.1497780831996351,1.1497780831996351,1
g7_disjunct_15,True,10,7,unreachable,0.9887226670980453,0.9887226670980453,1
g7_disjunct_16,False,18,15,unreachable,1.810900874901563,1.810900874901563,1
g7_disjunct_17,True,12,9,unreachable,1.1471018749289215,1.1471018749289215,1
g7_disjunct_18,False,18,15,unreachable,1.395583416102454,1.395583416102454,1
g7_disjunct_19,False,18,15,unreachable,1.3248649160377681,1.3248649160377681,1
g7_disjunct_2,False,10,7,unreachable,0.9006940829567611,0.9006940829567611,1
g7_disjunct_20,False,16,12,unreachable,1.2132518750149757,1.2132518750149757,1
g7_disjunct_21,True,10,7,unreachable,0.7593663330189884,0.7593663330189884,1
g7_disjunct_3,True,5,3,unreachable,0.5126266251318157,0.5126266251318157,1
g7_disjunct_4,False,10,7,unreachable,0.7163320421241224,0.7163320421241224,1
g7_disjunct_5,False,12,9,unreachable,0.8775252080522478,0.8775252080522478,1
g7_disjunct_6,True,1,0,unreachable,0.3356686250772327,0.3356686250772327,1
g7_disjunct_7,False,12,9,unreachable,0.8247321660164744,0.8247321660164744,1
g7_disjunct_8,False,12,9,unreachable,0.8712001671083272,0.8712001671083272,1
g7_disjunct_9,False,15,12,unreachable,1.0168666671961546,1.0168666671961546,1
