query,constant_false,places,transitions,portfolio_verdict,portfolio_wall_seconds,portfolio_solver_seconds,portfolio_repeats,smpt_verdict,smpt_wall_seconds,smpt_solver_seconds,smpt_repeats
a2_disjunct_0,False,8,7,reachable,0.006925208028405905,7.9584e-05,3,reachable,0.3264007908292115,0.190598726272583,3
a4_disjunct_0,True,9,8,unreachable,0.014212290989235044,0.009754541,3,unreachable,0.23568854201585054,0.11192512512207031,3
a4_disjunct_1,True,9,8,unreachable,0.011167207965627313,0.00473,3,unreachable,0.23478920804336667,0.11732816696166992,3
a5_disjunct_0,True,12,14,unreachable,0.014581582974642515,0.007214291,3,unreachable,0.23463083407841623,0.12345004081726074,3
a5_disjunct_1,True,12,14,unreachable,0.012394000077620149,0.00599175,3,unreachable,0.24474912509322166,0.12192201614379883,3
a5_disjunct_2,True,12,14,unreachable,0.014214250026270747,0.006700791,3,unreachable,0.2577526660170406,0.12958693504333496,3
a5_disjunct_3,True,12,14,unreachable,0.014817791990935802,0.007608791,3,unreachable,0.27142150001600385,0.1271359920501709,3
a5_disjunct_4,True,12,14,unreachable,0.0139877088367939,0.007143667,3,unreachable,0.26431083399802446,0.14965009689331055,3
a5_disjunct_5,True,12,14,unreachable,0.013173124985769391,0.006145292,3,unreachable,0.26339662494137883,0.1439828872680664,3
a5_disjunct_6,True,4,3,unreachable,0.011825625086203218,0.00272475,3,unreachable,0.22675691684708,0.1262340545654297,3
a5_disjunct_7,True,4,3,unreachable,0.011024832958355546,0.00356275,3,unreachable,0.2696832499932498,0.12052297592163086,3
a5_disjunct_8,True,4,3,unreachable,0.009335624985396862,0.002823625,3,unreachable,0.250933957984671,0.12182903289794922,3
a6_disjunct_0,True,11,11,unreachable,0.013614417053759098,0.00682525,3,unreachable,0.25338608399033546,0.1362760066986084,3
a6_disjunct_1,False,11,11,reachable,0.005981791997328401,0.00017475,3,reachable,0.29953304189257324,0.19263219833374023,3
b1_disjunct_0,True,9,7,unreachable,0.013598791090771556,0.005061958,3,unreachable,0.2249250840395689,0.10767006874084473,3
b1_disjunct_1,False,9,7,unreachable,0.01567608304321766,0.004247458,3,unreachable,0.23870220803655684,0.12958693504333496,3
b2_disjunct_0,False,16,19,unreachable,0.016471666982397437,0.008668791,3,unreachable,0.2196080000139773,0.1098029613494873,3
b2_disjunct_1,False,17,20,unreachable,0.013492583064362407,0.007499292,3,unreachable,0.22385754203423858,0.11205196380615234,3
b2_disjunct_2,False,17,20,unreachable,0.012972458964213729,0.008119541,3,unreachable,0.2214440000243485,0.11138391494750977,3
b2_disjunct_3,False,18,21,unreachable,0.013924957951530814,0.007456708,3,unreachable,0.20938620786182582,0.10340595245361328,3
b2_disjunct_4,False,18,21,unreachable,0.01279141684062779,0.007236541,3,unreachable,0.21385741722770035,0.11761903762817383,3
b2_disjunct_5,False,17,20,unreachable,0.014920040965080261,0.008602875,3,unreachable,0.22397854086011648,0.11596298217773438,3
b3_disjunct_0,False,17,18,unreachable,0.015706167090684175,0.0093035,3,unreachable,0.2550563339609653,0.143218994140625,3
b3_disjunct_1,False,17,18,unreachable,0.014098915969952941,0.006877875,3,unreachable,0.238163499860093,0.12234330177307129,3
b4_disjunct_0,False,17,18,unreachable,0.013681582873687148,0.0071715,3,unreachable,0.26315324986353517,0.1327352523803711,3
b4_disjunct_1,False,17,18,unreachable,0.020093250088393688,0.009625875,3,unreachable,0.23990974994376302,0.11493515968322754,3
c1_disjunct_0,False,24,38,unknown,0.4677005840931088,0.456188583,3,unknown,2.1074267090298235,2.1074267090298235,3
c2_disjunct_0,False,18,14,unreachable,0.017546917079016566,0.011204042,3,unreachable,0.2581763328053057,0.13613390922546387,3
c2_disjunct_1,False,18,14,unreachable,0.018322124844416976,0.009420583,3,unreachable,0.30000008386559784,0.15153098106384277,3
c2_disjunct_10,True,18,14,unreachable,0.012642290908843279,0.005751458,3,unreachable,0.21918720891699195,0.11092925071716309,3
c2_disjunct_11,True,5,3,unreachable,0.009444416034966707,0.002330375,3,unreachable,0.24726933287456632,0.12486100196838379,3
c2_disjunct_12,True,8,6,unreachable,0.011327709071338177,0.004161875,3,unreachable,0.21254945802502334,0.09835124015808105,3
c2_disjunct_13,False,18,14,unreachable,0.01142524997703731,0.00688025,3,unreachable,0.19827399984933436,0.09255766868591309,3
c2_disjunct_14,False,18,14,unreachable,0.01384937483817339,0.007135208,3,unreachable,0.23245779098942876,0.10069990158081055,3
c2_disjunct_15,False,18,14,unreachable,0.013847749913111329,0.006834375,3,unreachable,0.25357320881448686,0.13718509674072266,3
c2_disjunct_16,True,18,14,unreachable,0.017260999884456396,0.00854125,3,unreachable,0.24116620793938637,0.12267422676086426,3
c2_disjunct_17,True,18,14,unreachable,0.01283637504093349,0.005627583,3,unreachable,0.2479132921434939,0.12482690811157227,3
c2_disjunct_18,False,18,14,unreachable,0.014076000079512596,0.008103958,3,unreachable,0.22343362495303154,0.11298608779907227,3
c2_disjunct_19,False,18,14,unreachable,0.015798292122781277,0.009078084,3,unreachable,0.23827504203654826,0.1153569221496582,3
c2_disjunct_2,False,18,14,unreachable,0.014736416982486844,0.008680834,3,unreachable,0.2562136671040207,0.1284186840057373,3
c2_disjunct_20,False,18,14,unreachable,0.013079458847641945,0.007092416,3,unreachable,0.21389266708865762,0.1043400764465332,3
c2_disjunct_21,False,18,14,unreachable,0.014213250018656254,0.009215583,3,unreachable,0.20979195809923112,0.10956597328186035,3
c2_disjunct_22,False,18,14,unreachable,0.015598249854519963,0.009608042,3,unreachable,0.21725637512281537,0.10573911666870117,3
c2_disjunct_23,True,18,14,unreachable,0.011712499894201756,0.006386833,3,unreachable,0.21005208301357925,0.10088086128234863,3
c2_disjunct_24,True,18,14,unreachable,0.013426749967038631,0.006624375,3,unreachable,0.21600575000047684,0.10381102561950684,3
c2_disjunct_3,True,18,14,unreachable,0.01179499994032085,0.006100791,3,unreachable,0.2052102501038462,0.11286091804504395,3
c2_disjunct_4,True,18,14,unreachable,0.01370737492106855,0.007599917,3,unreachable,0.21533891605213284,0.1121511459350586,3
c2_disjunct_5,True,1,0,unreachable,0.005083499941974878,1.2542e-05,3,unreachable,0.20078875008039176,0.10006189346313477,3
c2_disjunct_6,True,1,0,unreachable,0.006472042063251138,1.0333e-05,3,unreachable,0.21629620785824955,0.11075997352600098,3
c2_disjunct_7,True,8,6,unreachable,0.009550833143293858,0.00418425,3,unreachable,0.2287169168703258,0.11584711074829102,3
c2_disjunct_8,False,18,14,unreachable,0.016511208144947886,0.00812225,3,unreachable,0.2507786247879267,0.1205298900604248,3
c2_disjunct_9,True,18,14,unreachable,0.011527166934683919,0.005893166,3,unreachable,0.22833795915357769,0.1222999095916748,3
c3_disjunct_0,False,8,6,unreachable,0.012898541986942291,0.005675833,3,unreachable,0.23288866691291332,0.11103415489196777,3
c3_disjunct_1,True,8,6,unreachable,0.012069249991327524,0.005836,3,unreachable,0.24829537514597178,0.13541007041931152,3
c3_disjunct_2,True,8,6,unreachable,0.013918915996327996,0.006791334,3,unreachable,0.21533587505109608,0.11121916770935059,3
c3_disjunct_3,False,8,6,unreachable,0.010807791026309133,0.005832708,3,unreachable,0.2281044579576701,0.12573909759521484,3
c3_disjunct_4,True,8,6,unreachable,0.011658582836389542,0.005454583,3,unreachable,0.2360814579296857,0.11826705932617188,3
c3_disjunct_5,True,8,6,unreachable,0.009167707990854979,0.004060334,3,unreachable,0.23830629093572497,0.11975502967834473,3
c4_disjunct_0,False,13,10,unreachable,0.015030666952952743,0.009123375,3,unreachable,0.21837341715581715,0.10968995094299316,3
c4_disjunct_1,False,13,10,unreachable,0.015526166884228587,0.008837208,3,unreachable,0.23506045900285244,0.11873292922973633,3
c4_disjunct_10,False,13,10,unreachable,0.016730292001739144,0.009488708,3,unreachable,0.24609666713513434,0.1304941177368164,3
c4_disjunct_11,True,13,10,unreachable,0.010802875040099025,0.005068333,3,unreachable,0.2518379169050604,0.12728404998779297,3
c4_disjunct_12,True,13,10,unreachable,0.011682916898280382,0.005647542,3,unreachable,0.2868578329216689,0.14943408966064453,3
c4_disjunct_2,True,13,10,unreachable,0.015200207941234112,0.009426666,3,unreachable,0.25917066587135196,0.12541913986206055,3
c4_disjunct_3,True,13,10,unreachable,0.010016417130827904,0.005834875,3,unreachable,0.2577646670397371,0.1175391674041748,3
c4_disjunct_4,True,1,0,unreachable,0.007402000017464161,2.3542e-05,3,unreachable,0.23262762487865984,0.11070108413696289,3
c4_disjunct_5,False,13,10,unreachable,0.01480608293786645,0.006469041,3,unreachable,0.237732833949849,0.11535096168518066,3
c4_disjunct_6,True,13,10,unreachable,0.010853291023522615,0.005662541,3,unreachable,0.25832708296366036,0.129166841506958,3
c4_disjunct_7,True,13,10,unreachable,0.013218249892815948,0.005273958,3,unreachable,0.2623052089475095,0.1255800724029541,3
c4_disjunct_8,False,13,10,unreachable,0.012058458989486098,0.005653666,3,unreachable,0.22766833286732435,0.12310218811035156,3
c4_disjunct_9,False,13,10,unreachable,0.013326500076800585,0.008680542,3,unreachable,0.24810637487098575,0.12264490127563477,3
c5_disjunct_0,False,17,22,unknown,0.28466787515208125,0.278471,3,unknown,2.1320122499018908,2.1320122499018908,3
c6_disjunct_0,False,15,14,reachable,0.006147833075374365,0.0001625,3,reachable,0.4259651249740273,0.3196110725402832,3
c7_disjunct_0,False,18,19,reachable,0.009217625018209219,0.00107975,3,reachable,0.576724249869585,0.46288204193115234,3
c8_disjunct_0,False,13,10,unreachable,0.015796750085428357,0.00670925,3,unreachable,0.22744883294217288,0.11264896392822266,3
c8_disjunct_1,False,13,10,unreachable,0.01388937490992248,0.0082095,3,unreachable,0.20160245802253485,0.10171103477478027,3
c8_disjunct_10,False,13,10,unreachable,0.010753625072538853,0.00526675,3,unreachable,0.1972169589716941,0.10033106803894043,3
c8_disjunct_11,True,13,10,unreachable,0.013055040966719389,0.00658225,3,unreachable,0.19932474987581372,0.10095787048339844,3
c8_disjunct_12,True,13,10,unreachable,0.01208879193291068,0.005407417,3,unreachable,0.20793708390556276,0.09888792037963867,3
c8_disjunct_2,True,13,10,unreachable,0.013392083114013076,0.00779975,3,unreachable,0.2168542081490159,0.1070709228515625,3
c8_disjunct_3,True,13,10,unreachable,0.013150124810636044,0.00656725,3,unreachable,0.22063004202209413,0.11527013778686523,3
c8_disjunct_4,True,1,0,unreachable,0.0045880419202148914,1.0125e-05,3,unreachable,0.21282299980521202,0.10545468330383301,3
c8_disjunct_5,False,13,10,unreachable,0.015395165886729956,0.006495708,3,unreachable,0.2450240000616759,0.12704110145568848,3
c8_disjunct_6,True,13,10,unreachable,0.012804999947547913,0.005459083,3,unreachable,0.2397907089907676,0.10967397689819336,3
c8_disjunct_7,True,13,10,unreachable,0.011429541977122426,0.004821333,3,unreachable,0.22214929200708866,0.10707664489746094,3
c8_disjunct_8,False,13,10,unreachable,0.012688542017713189,0.005856959,3,unreachable,0.22669337503612041,0.11797189712524414,3
c8_disjunct_9,False,13,10,unreachable,0.013315958203747869,0.0068755,3,unreachable,0.23232733295299113,0.10953617095947266,3
d1_disjunct_0,False,14,13,unknown,0.3150426249485463,0.309025375,3,unreachable,0.22178675001487136,0.09964275360107422,3
d1_disjunct_1,False,11,11,unreachable,0.0378732921089977,0.031880208,3,unreachable,0.19759095809422433,0.09772300720214844,3
d1_disjunct_2,True,8,6,unreachable,0.009165708906948566,0.003496833,3,unreachable,0.19682108308188617,0.10086512565612793,3
d1_disjunct_3,False,11,8,unreachable,0.008832291001453996,0.004329708,3,unreachable,0.19970154110342264,0.09840989112854004,3
d1_disjunct_4,False,11,8,unreachable,0.012383291963487864,0.005438833,3,unreachable,0.21163941686972976,0.1100318431854248,3
d1_disjunct_5,False,14,13,unreachable,0.012311584083363414,0.00600975,3,unreachable,0.19550704210996628,0.09795403480529785,3
d1_disjunct_6,False,11,11,unreachable,0.010643749963492155,0.005502125,3,unreachable,0.1864750839304179,0.08923721313476562,3
d2_disjunct_0,False,18,25,reachable,0.004743624944239855,8.375e-05,3,reachable,0.3426241660490632,0.2424619197845459,3
d3_disjunct_0,False,15,11,unreachable,0.011735792038962245,0.006876292,3,unreachable,0.1962447080295533,0.10322999954223633,3
d3_disjunct_1,False,9,7,unknown,0.13840545807033777,0.133835208,3,unreachable,0.18053933302871883,0.09378314018249512,3
d3_disjunct_2,False,12,9,unreachable,0.00805470789782703,0.004604166,3,unreachable,0.15658520883880556,0.07864499092102051,3
d3_disjunct_3,False,12,9,unreachable,0.011572292074561119,0.007553208,3,unreachable,0.1589386658743024,0.08075094223022461,3
d3_disjunct_4,False,18,17,unreachable,0.010215917136520147,0.006000125,3,unreachable,0.18249116698279977,0.10187911987304688,3
d3_disjunct_5,False,15,15,unreachable,0.010712624993175268,0.005820958,3,unreachable,0.1926285841036588,0.09929490089416504,3
d3_disjunct_6,False,12,13,unreachable,0.008287416072562337,0.004513083,3,unreachable,0.15444529196247458,0.0769510269165039,3
d4_disjunct_0,False,18,17,unknown,0.32890633400529623,0.323530875,3,unreachable,0.18303133291192353,0.09428691864013672,3
d4_disjunct_1,False,12,13,unknown,0.25197016703896224,0.246775541,3,unreachable,0.16728949989192188,0.08109688758850098,3
d4_disjunct_10,False,15,15,unreachable,0.009244542103260756,0.005913292,3,unreachable,0.160006667021662,0.07814812660217285,3
d4_disjunct_11,False,12,13,unreachable,0.008229666855186224,0.004242292,3,unreachable,0.14376358408480883,0.06979775428771973,3
d4_disjunct_12,False,18,17,unreachable,0.011079999851062894,0.007276541,3,unreachable,0.1375907079782337,0.06719779968261719,3
d4_disjunct_13,False,15,15,unreachable,0.010288916062563658,0.005740833,3,unreachable,0.16931483405642211,0.08174276351928711,3
d4_disjunct_14,False,12,13,unreachable,0.008047041948884726,0.004071208,3,unreachable,0.1598735828883946,0.07880115509033203,3
d4_disjunct_2,False,15,15,unknown,0.263101042015478,0.258172084,3,unreachable,0.14132708287797868,0.07077193260192871,3
d4_disjunct_3,False,15,15,unknown,0.25681783305481076,0.2523245,3,unreachable,0.14123708405531943,0.07137107849121094,3
d4_disjunct_4,True,12,9,unreachable,0.006792624946683645,0.003223125,3,unreachable,0.14077858300879598,0.06920886039733887,3
d4_disjunct_5,False,9,7,unreachable,0.007895166054368019,0.003974666,3,unreachable,0.14918062486685812,0.07452511787414551,3
d4_disjunct_6,False,15,11,unreachable,0.008615333819761872,0.004659417,3,unreachable,0.15411004214547575,0.07576513290405273,3
d4_disjunct_7,False,15,11,unreachable,0.01863995799794793,0.014654917,3,unreachable,0.15289975004270673,0.07645368576049805,3
d4_disjunct_8,False,12,9,unreachable,0.012234082911163568,0.00580225,3,unreachable,0.21373283304274082,0.1090700626373291,3
d4_disjunct_9,False,18,17,unreachable,0.08062399993650615,0.072710625,3,unreachable,0.23417358309961855,0.11186003684997559,3
d5_disjunct_0,False,11,10,reachable,0.0066556669771671295,5.1375e-05,3,reachable,0.3179233339615166,0.1978459358215332,3
e1_disjunct_0,False,8,6,unknown,0.1230716248974204,0.115384584,3,unreachable,0.2682564998976886,0.1414787769317627,3
e2_disjunct_0,False,16,15,unknown,0.26331337494775653,0.255827,3,unknown,2.117523750057444,2.117523750057444,3
e3_disjunct_0,True,25,35,unreachable,0.026373333064839244,0.0134405,3,unreachable,0.2441273748409003,0.11866497993469238,3
e3_disjunct_1,True,25,35,unreachable,0.015841833082959056,0.010659875,3,unreachable,0.21472712489776313,0.10871601104736328,3
e3_disjunct_2,False,25,35,unknown,0.5725820418447256,0.551111166,3,unknown,2.1301224580965936,2.1301224580965936,3
e4_disjunct_0,True,29,43,unreachable,0.016585249919444323,0.012731,3,unreachable,0.16094583296217024,0.08098101615905762,3
e4_disjunct_1,True,29,43,unreachable,0.01675349986180663,0.012635125,3,unreachable,0.1502455419395119,0.07455992698669434,3
e4_disjunct_2,False,29,43,unknown,0.7743278748821467,0.761112958,3,unknown,2.1598792909644544,2.1598792909644544,3
e7_disjunct_0,False,8,6,unknown,0.08391995797865093,0.079535708,3,unreachable,0.1869884158950299,0.10029006004333496,3
f1_disjunct_0,True,1,0,unreachable,0.003795541124418378,8.834e-06,3,unreachable,0.14661924983374774,0.07457709312438965,3
f2_disjunct_0,False,14,23,reachable,0.0036971247754991055,0.000255708,3,reachable,0.3044142499566078,0.23189902305603027,3
f3_disjunct_0,False,17,16,reachable,0.0035882918164134026,0.000201166,3,reachable,0.21764116687700152,0.14345598220825195,3
f4_disjunct_0,True,5,4,unreachable,0.007250708062201738,0.003394208,3,unreachable,0.1783423328306526,0.08949089050292969,3
f4_disjunct_1,True,5,4,unreachable,0.007049666019156575,0.003421708,3,unreachable,0.15412170812487602,0.07599020004272461,3
f4_disjunct_2,True,5,4,unreachable,0.006906916853040457,0.003048,3,unreachable,0.15888283285312355,0.07901287078857422,3
f4_disjunct_3,True,5,4,unreachable,0.007167249917984009,0.003009542,3,unreachable,0.14873487502336502,0.07354283332824707,3
f4_disjunct_4,True,5,4,unreachable,0.006900457898154855,0.002980958,3,unreachable,0.13825170905329287,0.06867790222167969,3
f5_disjunct_0,False,7,5,unreachable,0.006944708991795778,0.003379583,3,unreachable,0.13819383294321597,0.06938600540161133,3
f5_disjunct_1,False,10,10,unreachable,0.01109612500295043,0.0074005,3,unreachable,0.14229954220354557,0.07114791870117188,3
f5_disjunct_10,False,10,10,unreachable,0.008962917141616344,0.004878875,3,unreachable,0.1432710001245141,0.07117104530334473,3
f5_disjunct_11,False,10,10,unreachable,0.009288124972954392,0.005826416,3,unreachable,0.14244379219599068,0.07063889503479004,3
f5_disjunct_12,False,10,10,unreachable,0.009844332933425903,0.005405667,3,unreachable,0.14328208402730525,0.07080197334289551,3
f5_disjunct_13,False,8,7,unreachable,0.008040917105972767,0.004113375,3,unreachable,0.18285412504337728,0.09852981567382812,3
f5_disjunct_14,False,10,10,unreachable,0.016432374948635697,0.006928375,3,unreachable,0.25133858411572874,0.14689183235168457,3
f5_disjunct_15,False,10,10,unreachable,0.020814625080674887,0.015152375,3,unreachable,0.24203837499953806,0.125748872756958,3
f5_disjunct_16,False,10,10,unreachable,0.016565833939239383,0.0082535,3,unreachable,0.23814300005324185,0.12112832069396973,3
f5_disjunct_17,False,8,7,unreachable,0.010402290849015117,0.006521916,3,unreachable,0.22586670890450478,0.11356592178344727,3
f5_disjunct_18,False,8,7,unreachable,0.011936791008338332,0.006103459,3,unreachable,0.24138554208911955,0.11968493461608887,3
f5_disjunct_19,False,10,10,unreachable,0.04302054108120501,0.0368385,3,unreachable,0.25963725009933114,0.12846899032592773,3
f5_disjunct_2,False,7,5,unreachable,0.012325207935646176,0.003946791,3,unreachable,0.2531297910027206,0.10898804664611816,3
f5_disjunct_20,False,10,10,unreachable,0.012800250202417374,0.006200292,3,unreachable,0.20370158413425088,0.09829902648925781,3
f5_disjunct_3,False,10,10,unreachable,0.021071875002235174,0.014982291,3,unreachable,0.22534779109992087,0.11132001876831055,3
f5_disjunct_4,False,10,10,unreachable,0.017134750029072165,0.007110792,3,unreachable,0.27116145892068744,0.1355593204498291,3
f5_disjunct_5,False,10,10,unreachable,0.016786583000794053,0.006690041,3,unreachable,0.23610362503677607,0.1127932071685791,3
f5_disjunct_6,False,5,3,unreachable,0.010287209181115031,0.003312375,3,unreachable,0.2105787501204759,0.10142302513122559,3
f5_disjunct_7,False,7,5,unreachable,0.010844332864508033,0.005817208,3,unreachable,0.23346112482249737,0.09502792358398438,3
f5_disjunct_8,False,7,5,unreachable,0.015773250022903085,0.008655541,3,unreachable,0.2201905408874154,0.1088109016418457,3
f5_disjunct_9,False,8,7,unreachable,0.010708708083257079,0.004550292,3,unreachable,0.22918724990449846,0.11546182632446289,3
f6_disjunct_0,False,9,11,reachable,0.006820457987487316,0.000119083,3,reachable,0.30014358297921717,0.18335795402526855,3
f7_disjunct_0,False,8,9,reachable,0.006219249917194247,6.8583e-05,3,reachable,0.32480183290317655,0.22244000434875488,3
f8_disjunct_0,True,1,0,unreachable,0.009121834067627788,1.4417e-05,3,unreachable,0.25299820792861283,0.13364481925964355,3
f8_disjunct_1,False,9,11,reachable,0.007051416905596852,6.2375e-05,3,reachable,0.3759192090947181,0.2497851848602295,3
g1_disjunct_0,False,56,103,unknown,1.8718297081068158,1.8627723330000001,3,unknown,2.1396175420377403,2.1396175420377403,3
g2_disjunct_0,True,37,48,unreachable,0.023179500130936503,0.017899125,3,unreachable,0.22280479199253023,0.10937285423278809,3
g2_disjunct_1,False,37,48,unknown,0.8863300001248717,0.877954208,3,unknown,2.1166822500526905,2.1166822500526905,3
g3_disjunct_0,True,39,55,unreachable,0.02891575009562075,0.023566958,3,unreachable,0.21710345894098282,0.10640692710876465,3
g3_disjunct_1,False,39,55,unknown,1.2103587919846177,1.1990073749999999,3,unknown,2.094982124865055,2.094982124865055,3
g4_disjunct_0,False,30,49,reachable,0.015295874793082476,0.002724208,3,unknown,2.132416916079819,2.132416916079819,3
g5_disjunct_0,True,16,17,unreachable,0.010720500024035573,0.006073208,3,unreachable,0.2033724170178175,0.1054389476776123,3
g5_disjunct_1,True,16,17,unreachable,0.010353249963372946,0.005499334,3,unreachable,0.17846450000070035,0.09069490432739258,3
g5_disjunct_2,True,1,0,unreachable,0.00394399999640882,9.875e-06,3,unreachable,0.17142208409495652,0.08324503898620605,3
g5_disjunct_3,True,1,0,unreachable,0.003874999936670065,9.458e-06,3,unreachable,0.16538529214449227,0.0789177417755127,3
g5_disjunct_4,True,1,0,unreachable,0.0035662909504026175,1.0792e-05,3,unreachable,0.16880570794455707,0.08703017234802246,3
g5_disjunct_5,False,16,17,unreachable,0.016624500043690205,0.007447292,3,unreachable,0.2187135829590261,0.11129307746887207,3
g6_disjunct_0,True,1,0,unreachable,0.005101917078718543,1.0375e-05,3,unreachable,0.1823148331604898,0.09194517135620117,3
g6_disjunct_1,True,1,0,unreachable,0.004575332859531045,1.2125e-05,3,unreachable,0.18895516591146588,0.09687185287475586,3
g6_disjunct_10,False,17,18,unreachable,0.012172957882285118,0.007370708,3,unreachable,0.16675733285956085,0.0810549259185791,3
g6_disjunct_11,False,17,18,unreachable,0.01270654215477407,0.008343166,3,unreachable,0.160058582900092,0.07831811904907227,3
g6_disjunct_12,False,15,16,unreachable,0.016873874934390187,0.009283375,3,unreachable,0.26305804098956287,0.12267518043518066,3
g6_disjunct_13,False,19,20,unreachable,0.017598790815100074,0.010327833,3,unreachable,0.19389441702514887,0.09966492652893066,3
g6_disjunct_14,False,17,17,unreachable,0.012343457899987698,0.00773,3,unreachable,0.17254062509164214,0.08567190170288086,3
g6_disjunct_15,True,5,3,unreachable,0.006471041822806001,0.002280084,3,unreachable,0.20717258309014142,0.09915614128112793,3
g6_disjunct_16,True,5,3,unreachable,0.0076564999762922525,0.002583709,3,unreachable,0.20153375016525388,0.10584807395935059,3
g6_disjunct_17,True,5,3,unreachable,0.00657925009727478,0.002367042,3,unreachable,0.17905262508429587,0.09303712844848633,3
g6_disjunct_18,False,19,20,unreachable,0.0123755419626832,0.007633625,3,unreachable,0.17100125015713274,0.0841362476348877,3
g6_disjunct_19,False,19,20,unreachable,0.01279804203659296,0.008384666,3,unreachable,0.16499241697601974,0.0833439826965332,3
g6_disjunct_2,True,1,0,unreachable,0.003623582888394594,9.292e-06,3,unreachable,0.15347712486982346,0.07511281967163086,3
g6_disjunct_20,True,10,7,unreachable,0.007553416071459651,0.003599292,3,unreachable,0.1529151250142604,0.07497692108154297,3
g6_disjunct_21,True,10,7,unreachable,0.009326084051281214,0.003971083,3,unreachable,0.17493316601030529,0.08703780174255371,3
g6_disjunct_22,False,22,24,unreachable,0.013617708114907146,0.009236208,3,unreachable,0.17992041585966945,0.09148192405700684,3
g6_disjunct_23,False,20,22,reachable,0.0043344160076230764,6.0625e-05,3,reachable,0.20999395893886685,0.12621808052062988,3
g6_disjunct_3,False,15,15,unreachable,0.009774040896445513,0.005737417,3,unreachable,0.14563679206185043,0.07096004486083984,3
g6_disjunct_4,True,10,10,unreachable,0.006872666999697685,0.00288725,3,unreachable,0.15023912489414215,0.07426810264587402,3
g6_disjunct_5,False,10,10,unreachable,0.008564834017306566,0.004301542,3,unreachable,0.15213579102419317,0.07679367065429688,3
g6_disjunct_6,False,15,15,unreachable,0.010524459183216095,0.00613525,3,unreachable,0.15391083294525743,0.07447290420532227,3
g6_disjunct_7,False,15,15,unreachable,0.011681457981467247,0.007227042,3,unreachable,0.14991208305582404,0.07459712028503418,3
g6_disjunct_8,False,17,18,unreachable,0.011454000137746334,0.007068541,3,unreachable,0.1584664578549564,0.07780814170837402,3
g6_disjunct_9,True,1,0,unreachable,0.0040784168522804976,9.875e-06,3,unreachable,0.15231475001201034,0.07500505447387695,3
g7_disjunct_0,True,1,0,unreachable,0.00391525006853044,1.0417e-05,3,unreachable,0.16050504217855632,0.07822990417480469,3
g7_disjunct_1,True,1,0,unreachable,0.003919374896213412,9.375e-06,3,unreachable,0.16269029187969863,0.08072495460510254,3
g7_disjunct_10,False,13,9,unreachable,0.012157958932220936,0.005485458,3,unreachable,0.2567639590706676,0.1307671070098877,3
g7_disjunct_11,True,5,3,unreachable,0.013811959186568856,0.006065833,3,unreachable,0.24909333302639425,0.10823297500610352,3
g7_disjunct_12,True,5,3,unreachable,0.006842458853498101,0.00284375,3,unreachable,0.17856575013138354,0.0881650447845459,3
g7_disjunct_13,False,15,12,unreachable,0.010419749887660146,0.00582975,3,unreachable,0.1741289591882378,0.08985710144042969,3
g7_disjunct_14,False,15,12,unreachable,0.0102227081079036,0.006078,3,unreachable,0.18746562488377094,0.09566593170166016,3
g7_disjunct_15,True,10,7,unreachable,0.008274000138044357,0.003795542,3,unreachable,0.2078831249382347,0.10495781898498535,3
g7_disjunct_16,False,18,15,unreachable,0.011595250107347965,0.006908958,3,unreachable,0.1793995830230415,0.08925199508666992,3
g7_disjunct_17,True,12,9,unreachable,0.008439458906650543,0.003811292,3,unreachable,0.1657307909335941,0.08036684989929199,3
g7_disjunct_18,False,18,15,unreachable,0.011068500112742186,0.006179167,3,unreachable,0.16645912500098348,0.08101201057434082,3
g7_disjunct_19,False,18,15,unreachable,0.010909500066190958,0.006491916,3,unreachable,0.17155095795169473,0.0895528793334961,3
g7_disjunct_2,False,10,7,unreachable,0.00893637491390109,0.004659208,3,unreachable,0.20737354108132422,0.11532711982727051,3
g7_disjunct_20,False,16,12,unreachable,0.013188040815293789,0.007759666,3,unreachable,0.19678258313797414,0.10214591026306152,3
g7_disjunct_21,True,10,7,unreachable,0.009707165881991386,0.004294625,3,unreachable,0.16818974982015789,0.08329391479492188,3
g7_disjunct_3,True,5,3,unreachable,0.006726833060383797,0.002114625,3,unreachable,0.16859845910221338,0.08296918869018555,3
g7_disjunct_4,False,10,7,unreachable,0.008386709028854966,0.004145,3,unreachable,0.18957400019280612,0.08983397483825684,3
g7_disjunct_5,False,12,9,unreachable,0.009768666001036763,0.005301125,3,unreachable,0.2006968748755753,0.10202693939208984,3
g7_disjunct_6,True,1,0,unreachable,0.005326958140358329,1.3416e-05,3,unreachable,0.2376252501271665,0.12642621994018555,3
g7_disjunct_7,False,12,9,unreachable,0.012110082898288965,0.005717042,3,unreachable,0.21268508303910494,0.10409283638000488,3
g7_disjunct_8,False,12,9,unreachable,0.013715040870010853,0.007143167,3,unreachable,0.2345275420229882,0.12195301055908203,3
g7_disjunct_9,False,15,12,unreachable,0.013546624919399619,0.006584834,3,unreachable,0.24387258291244507,0.12188291549682617,3
