query,constant_false,places,transitions,portfolio_verdict,portfolio_wall_seconds,portfolio_solver_seconds,portfolio_repeats
a2_disjunct_0,False,8,7,reachable,0.011483249953016639,0.000119791,1
a4_disjunct_0,True,9,8,unreachable,0.01898858300410211,0.00984875,1
a4_disjunct_1,True,9,8,unreachable,0.014956542057916522,0.008404542,1
a5_disjunct_0,True,12,14,unreachable,0.01789149991236627,0.009524958,1
a5_disjunct_1,True,12,14,unreachable,0.01919925003312528,0.01005725,1
a5_disjunct_2,True,12,14,unreachable,0.019140791846439242,0.009970125,1
a5_disjunct_3,True,12,14,unreachable,0.018415374914184213,0.010225125,1
a5_disjunct_4,True,12,14,unreachable,0.017161790980026126,0.00904725,1
a5_disjunct_5,True,12,14,unreachable,0.016704083885997534,0.00796325,1
a5_disjunct_6,True,4,3,unreachable,0.011376499896869063,0.004492875,1
a5_disjunct_7,True,4,3,unreachable,0.012360583059489727,0.005341833,1
a5_disjunct_8,True,4,3,unreachable,0.011304249987006187,0.004543125,1
a6_disjunct_0,True,11,11,unreachable,0.01711908308789134,0.007094334,1
a6_disjunct_1,False,11,11,reachable,0.007085208082571626,0.000332,1
b1_disjunct_0,True,9,7,unreachable,0.014609124977141619,0.007754208,1
b1_disjunct_1,False,9,7,unreachable,0.01594945788383484,0.008413542,1
b2_disjunct_0,False,16,19,unreachable,0.01808387483470142,0.010299958,1
b2_disjunct_1,False,17,20,unreachable,0.019521125126630068,0.01239375,1
b2_disjunct_2,False,17,20,unreachable,0.019810874946415424,0.010676833,1
b2_disjunct_3,False,18,21,unreachable,0.018939292058348656,0.011751458,1
b2_disjunct_4,False,18,21,unreachable,0.018994542071595788,0.0114425,1
b2_disjunct_5,False,17,20,unreachable,0.017818625085055828,0.010700917,1
b3_disjunct_0,False,17,18,unreachable,0.021144584054127336,0.010313958,1
b3_disjunct_1,False,17,18,unreachable,0.01920208311639726,0.011301959,1
b4_disjunct_0,False,17,18,unreachable,0.01752729108557105,0.010777541,1
b4_disjunct_1,False,17,18,unreachable,0.017209666082635522,0.010040209,1
c1_disjunct_0,False,24,38,unknown,5.057446666993201,5.037048167,1
c2_disjunct_0,False,18,14,unreachable,0.012818749994039536,0.007256292,1
c2_disjunct_1,False,18,14,unreachable,0.01334183313883841,0.005796292,1
c2_disjunct_10,True,18,14,unreachable,0.01313058310188353,0.005559042,1
c2_disjunct_11,True,5,3,unreachable,0.008684000000357628,0.002422375,1
c2_disjunct_12,True,8,6,unreachable,0.01460616709664464,0.008051125,1
c2_disjunct_13,False,18,14,unreachable,0.011572291841730475,0.00579,1
c2_disjunct_14,False,18,14,unreachable,0.017756042070686817,0.0123615,1
c2_disjunct_15,False,18,14,unreachable,0.013807791052386165,0.00704425,1
c2_disjunct_16,True,18,14,unreachable,0.01122370921075344,0.005374458,1
c2_disjunct_17,True,18,14,unreachable,0.014436249854043126,0.005910083,1
c2_disjunct_18,False,18,14,unreachable,0.010533667169511318,0.005923375,1
c2_disjunct_19,False,18,14,unreachable,0.01637362502515316,0.008252625,1
c2_disjunct_2,False,18,14,unreachable,0.010016374988481402,0.005801417,1
c2_disjunct_20,False,18,14,unreachable,0.014674333157017827,0.006599583,1
c2_disjunct_21,False,18,14,unreachable,0.010930292075499892,0.005787083,1
c2_disjunct_22,False,18,14,unreachable,0.013637667056173086,0.007889333,1
c2_disjunct_23,True,18,14,unreachable,0.01150366710498929,0.006884958,1
c2_disjunct_24,True,18,14,unreachable,0.01857745903544128,0.012084917,1
c2_disjunct_3,True,18,14,unreachable,0.011748749995604157,0.005371708,1
c2_disjunct_4,True,18,14,unreachable,0.011356875067576766,0.007117917,1
c2_disjunct_5,True,1,0,unreachable,0.007732833037152886,1.3375e-05,1
c2_disjunct_6,True,1,0,unreachable,0.005186083959415555,1.2542e-05,1
c2_disjunct_7,True,8,6,unreachable,0.012648582924157381,0.006475959,1
c2_disjunct_8,False,18,14,unreachable,0.015141625190153718,0.009667458,1
c2_disjunct_9,True,18,14,unreachable,0.010401957901194692,0.005455042,1
c3_disjunct_0,False,8,6,unreachable,0.007012167014181614,0.003485917,1
c3_disjunct_1,True,8,6,unreachable,0.009797165868803859,0.005192417,1
c3_disjunct_2,True,8,6,unreachable,0.012480332981795073,0.005503166,1
c3_disjunct_3,False,8,6,unreachable,0.008120917016640306,0.00347775,1
c3_disjunct_4,True,8,6,unreachable,0.010813124943524599,0.005382083,1
c3_disjunct_5,True,8,6,unreachable,0.010603290982544422,0.005282291,1
c4_disjunct_0,False,13,10,unreachable,0.009233250049874187,0.005013583,1
c4_disjunct_1,False,13,10,unreachable,0.011037042131647468,0.005376458,1
c4_disjunct_10,False,13,10,unreachable,0.014739499893039465,0.00484475,1
c4_disjunct_11,True,13,10,unreachable,0.009282834129408002,0.004457375,1
c4_disjunct_12,True,13,10,unreachable,0.009264166001230478,0.004596667,1
c4_disjunct_2,True,13,10,unreachable,0.009834374999627471,0.00466,1
c4_disjunct_3,True,13,10,unreachable,0.009764707880094647,0.004530042,1
c4_disjunct_4,True,1,0,unreachable,0.006420792080461979,1.2917e-05,1
c4_disjunct_5,False,13,10,unreachable,0.008339124964550138,0.004685584,1
c4_disjunct_6,True,13,10,unreachable,0.011138375150039792,0.004956208,1
c4_disjunct_7,True,13,10,unreachable,0.01131920819170773,0.00489,1
c4_disjunct_8,False,13,10,unreachable,0.009912791894748807,0.004857,1
c4_disjunct_9,False,13,10,unreachable,0.01202241680584848,0.004545333,1
c5_disjunct_0,False,17,22,reachable,0.06418029102496803,0.058426459,1
c6_disjunct_0,False,15,14,reachable,0.007157583022490144,0.000317916,1
c7_disjunct_0,False,18,19,reachable,0.0075484998524188995,0.001216041,1
c8_disjunct_0,False,13,10,unreachable,0.016234250040724874,0.008646333,1
c8_disjunct_1,False,13,10,unreachable,0.014732916839420795,0.008903834,1
c8_disjunct_10,False,13,10,unreachable,0.01142437499947846,0.005091916,1
c8_disjunct_11,True,13,10,unreachable,0.013542542001232505,0.007879084,1
c8_disjunct_12,True,13,10,unreachable,0.017699375050142407,0.009375208,1
c8_disjunct_2,True,13,10,unreachable,0.01004416705109179,0.004905959,1
c8_disjunct_3,True,13,10,unreachable,0.016586957965046167,0.008842834,1
c8_disjunct_4,True,1,0,unreachable,0.012419917155057192,1.675e-05,1
c8_disjunct_5,False,13,10,unreachable,0.019380500074476004,0.011090125,1
c8_disjunct_6,True,13,10,unreachable,0.013729457976296544,0.006431708,1
c8_disjunct_7,True,13,10,unreachable,0.012890167068690062,0.0063185,1
c8_disjunct_8,False,13,10,unreachable,0.009621083969250321,0.005235084,1
c8_disjunct_9,False,13,10,unreachable,0.010983166052028537,0.005244834,1
d1_disjunct_0,False,14,13,unreachable,0.01217825012281537,0.005468625,1
d1_disjunct_1,False,11,11,unreachable,0.013129167025908828,0.004745375,1
d1_disjunct_2,True,8,6,unreachable,0.010187708772718906,0.00299025,1
d1_disjunct_3,False,11,8,unreachable,0.008249209029600024,0.003488292,1
d1_disjunct_4,False,11,8,unreachable,0.008897790918126702,0.003395167,1
d1_disjunct_5,False,14,13,unreachable,0.011999082984402776,0.004431042,1
d1_disjunct_6,False,11,11,unreachable,0.008629583986476064,0.003930417,1
d2_disjunct_0,False,18,25,reachable,0.004144625039771199,9.2125e-05,1
d3_disjunct_0,False,15,11,unreachable,0.013334000017493963,0.008091167,1
d3_disjunct_1,False,9,7,unreachable,0.007961541879922152,0.003451,1
d3_disjunct_2,False,12,9,unreachable,0.008618416963145137,0.003868666,1
d3_disjunct_3,False,12,9,unreachable,0.008011292200535536,0.003760959,1
d3_disjunct_4,False,18,17,unreachable,0.012289624894037843,0.005345375,1
d3_disjunct_5,False,15,15,unreachable,0.011826459085568786,0.004945291,1
d3_disjunct_6,False,12,13,unreachable,0.011333042057231069,0.004471416,1
d4_disjunct_0,False,18,17,unreachable,0.014990832889452577,0.006430417,1
d4_disjunct_1,False,12,13,unreachable,0.01221991702914238,0.004988334,1
d4_disjunct_10,False,15,15,unreachable,0.012653999961912632,0.006032875,1
d4_disjunct_11,False,12,13,unreachable,0.010511124972254038,0.00425175,1
d4_disjunct_12,False,18,17,unreachable,0.01426437497138977,0.005918292,1
d4_disjunct_13,False,15,15,unreachable,0.011513625038787723,0.006418458,1
d4_disjunct_14,False,12,13,unreachable,0.012015041895210743,0.005458458,1
d4_disjunct_2,False,15,15,unreachable,0.011713042156770825,0.006325833,1
d4_disjunct_3,False,15,15,unreachable,0.014540083007887006,0.007000958,1
d4_disjunct_4,True,12,9,unreachable,0.010508541949093342,0.004082541,1
d4_disjunct_5,False,9,7,unreachable,0.009582082973793149,0.003438833,1
d4_disjunct_6,False,15,11,unreachable,0.00888499990105629,0.004355541,1
d4_disjunct_7,False,15,11,unreachable,0.014838541857898235,0.004957167,1
d4_disjunct_8,False,12,9,unreachable,0.01264070882461965,0.004625625,1
d4_disjunct_9,False,18,17,unreachable,0.01113045890815556,0.005484125,1
d5_disjunct_0,False,11,10,reachable,0.005422416841611266,6.1916e-05,1
e1_disjunct_0,False,8,6,unreachable,0.012319416040554643,0.003905,1
e2_disjunct_0,False,16,15,reachable,0.29221933404915035,0.284012625,1
e3_disjunct_0,True,25,35,unreachable,0.019171749940142035,0.011175917,1
e3_disjunct_1,True,25,35,unreachable,0.020778083940967917,0.010111208,1
e3_disjunct_2,False,25,35,reachable,0.49121795897372067,0.480148417,1
e4_disjunct_0,True,29,43,unreachable,0.02345770807005465,0.014690666,1
e4_disjunct_1,True,29,43,unreachable,0.03395325015299022,0.026577917,1
e4_disjunct_2,False,29,43,unknown,5.023562415968627,5.008205166,1
e7_disjunct_0,False,8,6,unreachable,0.008272957988083363,0.004071709,1
f1_disjunct_0,True,1,0,unreachable,0.004115750081837177,1.2458e-05,1
f2_disjunct_0,False,14,23,reachable,0.005901958094909787,0.000297583,1
f3_disjunct_0,False,17,16,reachable,0.0045870409812778234,0.000251,1
f4_disjunct_0,True,5,4,unreachable,0.009311249945312738,0.004011417,1
f4_disjunct_1,True,5,4,unreachable,0.008271999889984727,0.004104167,1
f4_disjunct_2,True,5,4,unreachable,0.007686707889661193,0.003683666,1
f4_disjunct_3,True,5,4,unreachable,0.007895624963566661,0.003742084,1
f4_disjunct_4,True,5,4,unreachable,0.008389208931475878,0.003974541,1
f5_disjunct_0,False,7,5,unreachable,0.008789208950474858,0.003521792,1
f5_disjunct_1,False,10,10,unreachable,0.008951707975938916,0.0043195,1
f5_disjunct_10,False,10,10,unreachable,0.009149541845545173,0.004789167,1
f5_disjunct_11,False,10,10,unreachable,0.010061708046123385,0.004698334,1
f5_disjunct_12,False,10,10,unreachable,0.009466625051572919,0.004208958,1
f5_disjunct_13,False,8,7,unreachable,0.011080875061452389,0.005827125,1
f5_disjunct_14,False,10,10,unreachable,0.009565707994624972,0.004304875,1
f5_disjunct_15,False,10,10,unreachable,0.010427749948576093,0.005087958,1
f5_disjunct_16,False,10,10,unreachable,0.013345499988645315,0.00584,1
f5_disjunct_17,False,8,7,unreachable,0.011476416140794754,0.004376583,1
f5_disjunct_18,False,8,7,unreachable,0.011820750078186393,0.005526542,1
f5_disjunct_19,False,10,10,unreachable,0.009447166929021478,0.004120333,1
f5_disjunct_2,False,7,5,unreachable,0.009422208182513714,0.003677416,1
f5_disjunct_20,False,10,10,unreachable,0.00924383313395083,0.004253292,1
f5_disjunct_3,False,10,10,unreachable,0.008052791934460402,0.004295541,1
f5_disjunct_4,False,10,10,unreachable,0.00818620901554823,0.004177542,1
f5_disjunct_5,False,10,10,unreachable,0.008378541097044945,0.00417225,1
f5_disjunct_6,False,5,3,unreachable,0.0065840419847518206,0.002233083,1
f5_disjunct_7,False,7,5,unreachable,0.00854699988849461,0.0038045,1
f5_disjunct_8,False,7,5,unreachable,0.007659625029191375,0.0034245,1
f5_disjunct_9,False,8,7,unreachable,0.007891958113759756,0.003578792,1
f6_disjunct_0,False,9,11,reachable,0.004049666924402118,7.6375e-05,1
f7_disjunct_0,False,8,9,reachable,0.004485999932512641,7.2e-05,1
f8_disjunct_0,True,1,0,unreachable,0.005181125132367015,1.3084e-05,1
f8_disjunct_1,False,9,11,reachable,0.005045084049925208,6.3542e-05,1
g1_disjunct_0,False,56,103,reachable,1.5832134580705315,1.574668958,1
g2_disjunct_0,True,37,48,unreachable,0.025344499852508307,0.018655875,1
g2_disjunct_1,False,37,48,unknown,5.030952624976635,5.011182292,1
g3_disjunct_0,True,39,55,unreachable,0.02927120798267424,0.024986292,1
g3_disjunct_1,False,39,55,reachable,0.6447898750193417,0.6360105,1
g4_disjunct_0,False,30,49,reachable,0.00957491691224277,0.004526833,1
g5_disjunct_0,True,16,17,unreachable,0.010275250067934394,0.005566542,1
g5_disjunct_1,True,16,17,unreachable,0.013863499974831939,0.008500625,1
g5_disjunct_2,True,1,0,unreachable,0.005215917015448213,1.1959e-05,1
g5_disjunct_3,True,1,0,unreachable,0.004141167039051652,1.2125e-05,1
g5_disjunct_4,True,1,0,unreachable,0.004366541979834437,2.1375e-05,1
g5_disjunct_5,False,16,17,unreachable,0.011249125003814697,0.006874625,1
g6_disjunct_0,True,1,0,unreachable,0.004211124964058399,2.4333e-05,1
g6_disjunct_1,True,1,0,unreachable,0.004400374833494425,1.2459e-05,1
g6_disjunct_10,False,17,18,unreachable,0.019840541994199157,0.014063416,1
g6_disjunct_11,False,17,18,unreachable,0.019166875164955854,0.014065875,1
g6_disjunct_12,False,15,16,unreachable,0.014097958104684949,0.005453167,1
g6_disjunct_13,False,19,20,unreachable,0.0153805420268327,0.007872792,1
g6_disjunct_14,False,17,17,unreachable,0.014388957992196083,0.00857625,1
g6_disjunct_15,True,5,3,unreachable,0.007849750109016895,0.003122209,1
g6_disjunct_16,True,5,3,unreachable,0.007135875057429075,0.003325958,1
g6_disjunct_17,True,5,3,unreachable,0.00681583397090435,0.002779125,1
g6_disjunct_18,False,19,20,unreachable,0.010528957936912775,0.006732042,1
g6_disjunct_19,False,19,20,unreachable,0.011760999914258718,0.006967125,1
g6_disjunct_2,True,1,0,unreachable,0.003669499885290861,1.2333e-05,1
g6_disjunct_20,True,10,7,unreachable,0.008910458069294691,0.00438575,1
g6_disjunct_21,True,10,7,unreachable,0.008738250005990267,0.004240875,1
g6_disjunct_22,False,22,24,unreachable,0.01730866590514779,0.01193625,1
g6_disjunct_23,False,20,22,reachable,0.0038930829614400864,9.1916e-05,1
g6_disjunct_3,False,15,15,unreachable,0.01505391695536673,0.008249541,1
g6_disjunct_4,True,10,10,unreachable,0.01327574998140335,0.003498584,1
g6_disjunct_5,False,10,10,unreachable,0.012055875035002828,0.005177,1
g6_disjunct_6,False,15,15,unreachable,0.01296783285215497,0.00665575,1
g6_disjunct_7,False,15,15,unreachable,0.011721541872248054,0.006877,1
g6_disjunct_8,False,17,18,unreachable,0.013971833977848291,0.006663709,1
g6_disjunct_9,True,1,0,unreachable,0.00398466712795198,4.2375e-05,1
g7_disjunct_0,True,1,0,unreachable,0.0036718330811709166,1.1833e-05,1
g7_disjunct_1,True,1,0,unreachable,0.005221416940912604,1.175e-05,1
g7_disjunct_10,False,13,9,unreachable,0.015716624911874533,0.007076458,1
g7_disjunct_11,True,5,3,unreachable,0.0090079999063164,0.003044584,1
g7_disjunct_12,True,5,3,unreachable,0.007549874950200319,0.002935584,1
g7_disjunct_13,False,15,12,unreachable,0.009442207869142294,0.0054885,1
g7_disjunct_14,False,15,12,unreachable,0.010749125154688954,0.0052795,1
g7_disjunct_15,True,10,7,unreachable,0.008112583076581359,0.004488209,1
g7_disjunct_16,False,18,15,unreachable,0.009318083059042692,0.005560875,1
g7_disjunct_17,True,12,9,unreachable,0.009519750019535422,0.003972541,1
g7_disjunct_18,False,18,15,unreachable,0.009575291071087122,0.005565667,1
g7_disjunct_19,False,18,15,unreachable,0.01276241592131555,0.006488041,1
g7_disjunct_2,False,10,7,unreachable,0.009744332870468497,0.004686708,1
g7_disjunct_20,False,16,12,unreachable,0.009385041892528534,0.005465666,1
g7_disjunct_21,True,10,7,unreachable,0.009280208963900805,0.004393417,1
g7_disjunct_3,True,5,3,unreachable,0.006384500069543719,0.002449709,1
g7_disjunct_4,False,10,7,unreachable,0.009292957838624716,0.004273083,1
g7_disjunct_5,False,12,9,unreachable,0.009225832996889949,0.004846875,1
g7_disjunct_6,True,1,0,unreachable,0.004347917158156633,1.1875e-05,1
g7_disjunct_7,False,12,9,unreachable,0.007906584069132805,0.004376083,1
g7_disjunct_8,False,12,9,unreachable,0.008455458097159863,0.004550208,1
g7_disjunct_9,False,15,12,unreachable,0.008761290926486254,0.0053525,1
