query,constant_false,places,transitions,kosaraju_verdict,kosaraju_wall_seconds,kosaraju_solver_seconds,kosaraju_repeats,portfolio_verdict,portfolio_wall_seconds,portfolio_solver_seconds,portfolio_repeats
a2_disjunct_0,False,8,7,unknown,2.014944916125387,2.000788917,1,reachable,0.007050083950161934,5.0292e-05,1
a4_disjunct_0,True,9,8,unreachable,0.007015457842499018,2.3791e-05,1,unreachable,0.017990333028137684,0.008531042,1
a4_disjunct_1,True,9,8,unreachable,0.005611249944195151,2.3458e-05,1,unreachable,0.017155040986835957,0.00901725,1
a5_disjunct_0,True,12,14,unreachable,0.008639749838039279,2.4584e-05,1,unreachable,0.013035290874540806,0.006324375,1
a5_disjunct_1,True,12,14,unreachable,0.008857166161760688,3.7417e-05,1,unreachable,0.01643345900811255,0.00628075,1
a5_disjunct_2,True,12,14,unreachable,0.007767166942358017,2.3375e-05,1,unreachable,0.018176082987338305,0.009232875,1
a5_disjunct_3,True,12,14,unreachable,0.0068312089424580336,3.6042e-05,1,unreachable,0.010145166888833046,0.005405625,1
a5_disjunct_4,True,12,14,unreachable,0.009598375065252185,2.7125e-05,1,unreachable,0.01200916594825685,0.005279916,1
a5_disjunct_5,True,12,14,unreachable,0.008264540927484632,3.6375e-05,1,unreachable,0.01656399993225932,0.00596075,1
a5_disjunct_6,True,4,3,unreachable,0.008252582978457212,1.9375e-05,1,unreachable,0.010040750028565526,0.003033458,1
a5_disjunct_7,True,4,3,unreachable,0.006232792045921087,2.925e-05,1,unreachable,0.011081875069066882,0.003461375,1
a5_disjunct_8,True,4,3,unreachable,0.008513750042766333,2.2083e-05,1,unreachable,0.012017333880066872,0.003162875,1
a6_disjunct_0,True,11,11,unreachable,0.0083256671205163,2.5292e-05,1,unreachable,0.011918833013623953,0.004807959,1
a6_disjunct_1,False,11,11,unknown,2.012482208898291,2.003869375,1,reachable,0.009087624959647655,0.000197083,1
b1_disjunct_0,True,9,7,unreachable,0.007132750004529953,2.1875e-05,1,unreachable,0.01231045788154006,0.004046625,1
b1_disjunct_1,False,9,7,unreachable,0.17734691686928272,0.166355541,1,unreachable,0.013311374932527542,0.004688666,1
b2_disjunct_0,False,16,19,unreachable,1.0910273748449981,1.079772625,1,unreachable,0.015198750188574195,0.006242,1
b2_disjunct_1,False,17,20,unreachable,1.1975394999608397,1.182239625,1,unreachable,0.015464208088815212,0.009313667,1
b2_disjunct_2,False,17,20,unreachable,1.8703833748586476,1.857669875,1,unreachable,0.013525207992643118,0.007161167,1
b2_disjunct_3,False,18,21,unreachable,1.3503326668869704,1.3384207909999999,1,unreachable,0.013474041130393744,0.007040917,1
b2_disjunct_4,False,18,21,unreachable,1.3022326671052724,1.290557166,1,unreachable,0.01772079197689891,0.007677458,1
b2_disjunct_5,False,17,20,unreachable,1.1168779160361737,1.104899917,1,unreachable,0.013481874950230122,0.006834875,1
b3_disjunct_0,False,17,18,unreachable,0.9815347080584615,0.970539916,1,unreachable,0.014605582924559712,0.0076585,1
b3_disjunct_1,False,17,18,unreachable,1.1081204998772591,1.095216292,1,unreachable,0.013735667103901505,0.0068935,1
b4_disjunct_0,False,17,18,unreachable,1.1106837920378894,1.099644875,1,unreachable,0.01404541707597673,0.007348833,1
b4_disjunct_1,False,17,18,unreachable,1.0903284579981118,1.079612583,1,unreachable,0.013983750017359853,0.006752208,1
c1_disjunct_0,False,24,38,unknown,2.0531889589037746,2.038808292,1,unknown,2.0428194999694824,2.026902041,1
c2_disjunct_0,False,18,14,unreachable,1.5376959168352187,1.5223511250000001,1,unreachable,0.013209500117227435,0.006738958,1
c2_disjunct_1,False,18,14,unreachable,1.4977965001016855,1.485453417,1,unreachable,0.0240258751437068,0.011947291,1
c2_disjunct_10,True,18,14,unreachable,0.010516209062188864,3.9042e-05,1,unreachable,0.01658512488938868,0.00646275,1
c2_disjunct_11,True,5,3,unreachable,0.007980958092957735,3.1708e-05,1,unreachable,0.009254582924768329,0.003670958,1
c2_disjunct_12,True,8,6,unreachable,0.00859045796096325,3.7208e-05,1,unreachable,0.0178464581258595,0.008496583,1
c2_disjunct_13,False,18,14,unreachable,1.7803663751110435,1.768904208,1,unreachable,0.0176838340703398,0.00946975,1
c2_disjunct_14,False,18,14,unreachable,1.7897265828214586,1.771361833,1,unreachable,0.018462707987055182,0.006584292,1
c2_disjunct_15,False,18,14,unreachable,1.4642725000157952,1.449732791,1,unreachable,0.014852665830403566,0.006343417,1
c2_disjunct_16,True,18,14,unreachable,0.005208374932408333,2.3166e-05,1,unreachable,0.01226050010882318,0.006646625,1
c2_disjunct_17,True,18,14,unreachable,0.009331041015684605,2.4625e-05,1,unreachable,0.016340708127245307,0.009460208,1
c2_disjunct_18,False,18,14,unreachable,1.5677082501351833,1.554002792,1,unreachable,0.015948290936648846,0.007144792,1
c2_disjunct_19,False,18,14,unreachable,1.7548287089448422,1.7373394580000001,1,unreachable,0.018278124975040555,0.01044025,1
c2_disjunct_2,False,18,14,unreachable,1.549937792122364,1.533765083,1,unreachable,0.019703540951013565,0.010864084,1
c2_disjunct_20,False,18,14,unreachable,1.714028000133112,1.699445167,1,unreachable,0.015241832938045263,0.006792459,1
c2_disjunct_21,False,18,14,unreachable,1.6136679579503834,1.601464375,1,unreachable,0.01990445819683373,0.010016,1
c2_disjunct_22,False,18,14,unreachable,1.5497620000969619,1.539096458,1,unreachable,0.023985957959666848,0.010266,1
c2_disjunct_23,True,18,14,unreachable,0.006763875018805265,2.4583e-05,1,unreachable,0.014562291093170643,0.005667,1
c2_disjunct_24,True,18,14,unreachable,0.011509875068441033,2.4041e-05,1,unreachable,0.020260500023141503,0.009188791,1
c2_disjunct_3,True,18,14,unreachable,0.010198833188042045,2.9375e-05,1,unreachable,0.01974416710436344,0.010295333,1
c2_disjunct_4,True,18,14,unreachable,0.0083106670062989,2.3458e-05,1,unreachable,0.020006417063996196,0.009808167,1
c2_disjunct_5,True,1,0,unreachable,0.01427250006236136,3.7167e-05,1,unreachable,0.01990316598676145,1.9458e-05,1
c2_disjunct_6,True,1,0,unreachable,0.01265241694636643,3.9334e-05,1,unreachable,0.012474165996536613,1.3584e-05,1
c2_disjunct_7,True,8,6,unreachable,0.005542333936318755,2.1791e-05,1,unreachable,0.010705458000302315,0.00420375,1
c2_disjunct_8,False,18,14,unreachable,1.5161059170495719,1.502827916,1,unreachable,0.020116084022447467,0.010641583,1
c2_disjunct_9,True,18,14,unreachable,0.005503667052835226,2.4125e-05,1,unreachable,0.012285874923691154,0.006514834,1
c3_disjunct_0,False,8,6,unreachable,0.2277329999487847,0.216312166,1,unreachable,0.00987108307890594,0.004634833,1
c3_disjunct_1,True,8,6,unreachable,0.005259749945253134,2.2334e-05,1,unreachable,0.01178445783443749,0.005883959,1
c3_disjunct_2,True,8,6,unreachable,0.007467749994248152,2.1959e-05,1,unreachable,0.01054129097610712,0.003904292,1
c3_disjunct_3,False,8,6,unreachable,0.19934591697528958,0.1929595,1,unreachable,0.008577957982197404,0.003859375,1
c3_disjunct_4,True,8,6,unreachable,0.00667433300986886,2.1833e-05,1,unreachable,0.008937082951888442,0.003829958,1
c3_disjunct_5,True,8,6,unreachable,0.010029499884694815,3.0125e-05,1,unreachable,0.01790254097431898,0.008931792,1
c4_disjunct_0,False,13,10,unreachable,0.5910267911385745,0.581637375,1,unreachable,0.013116167159751058,0.006002333,1
c4_disjunct_1,False,13,10,unreachable,0.6365305830258876,0.627133083,1,unreachable,0.014598916051909328,0.005304833,1
c4_disjunct_10,False,13,10,unreachable,0.6555386248510331,0.644368083,1,unreachable,0.020302582997828722,0.008614959,1
c4_disjunct_11,True,13,10,unreachable,0.00820349995046854,4.0958e-05,1,unreachable,0.013869707938283682,0.006537875,1
c4_disjunct_12,True,13,10,unreachable,0.00601816619746387,2.4708e-05,1,unreachable,0.01886633294634521,0.00862025,1
c4_disjunct_2,True,13,10,unreachable,0.006456458009779453,2.5625e-05,1,unreachable,0.018266167026013136,0.009683417,1
c4_disjunct_3,True,13,10,unreachable,0.008162917103618383,4.4708e-05,1,unreachable,0.013090958120301366,0.005241083,1
c4_disjunct_4,True,1,0,unreachable,0.007651833817362785,2.1459e-05,1,unreachable,0.007244708016514778,3.2e-05,1
c4_disjunct_5,False,13,10,unreachable,0.692108792020008,0.676622834,1,unreachable,0.02725874981842935,0.014660542,1
c4_disjunct_6,True,13,10,unreachable,0.006114582996815443,3.8917e-05,1,unreachable,0.016984291840344667,0.00882575,1
c4_disjunct_7,True,13,10,unreachable,0.00783066707663238,2.4041e-05,1,unreachable,0.014752999879419804,0.006898791,1
c4_disjunct_8,False,13,10,unreachable,0.6835966659709811,0.669790583,1,unreachable,0.011199916945770383,0.004912958,1
c4_disjunct_9,False,13,10,unreachable,0.6954485829919577,0.686061125,1,unreachable,0.018332625040784478,0.008655458,1
c5_disjunct_0,False,17,22,unknown,2.0642955410294235,2.047704167,1,reachable,0.056756250094622374,0.051183917,1
c6_disjunct_0,False,15,14,unknown,2.0124777499586344,2.001545083,1,reachable,0.00602833298034966,0.000367125,1
c7_disjunct_0,False,18,19,unknown,2.0581179580185562,2.043148541,1,reachable,0.012746708001941442,0.000538417,1
c8_disjunct_0,False,13,10,unreachable,0.7713772498536855,0.759540667,1,unreachable,0.017387415980920196,0.008762334,1
c8_disjunct_1,False,13,10,unreachable,0.8063281660433859,0.79791725,1,unreachable,0.01723645906895399,0.011002542,1
c8_disjunct_10,False,13,10,unreachable,0.7416417088825256,0.731158916,1,unreachable,0.013576416997238994,0.004996958,1
c8_disjunct_11,True,13,10,unreachable,0.006692833034321666,2.8791e-05,1,unreachable,0.015586165944114327,0.007048292,1
c8_disjunct_12,True,13,10,unreachable,0.007601708173751831,2.6541e-05,1,unreachable,0.0195822911337018,0.00970525,1
c8_disjunct_2,True,13,10,unreachable,0.009316416922956705,4.1959e-05,1,unreachable,0.012133833020925522,0.005296167,1
c8_disjunct_3,True,13,10,unreachable,0.007450290955603123,2.4542e-05,1,unreachable,0.012453834060579538,0.004819417,1
c8_disjunct_4,True,1,0,unreachable,0.007677708053961396,4.075e-05,1,unreachable,0.007426749914884567,1.9208e-05,1
c8_disjunct_5,False,13,10,unreachable,0.7315106659661978,0.71808675,1,unreachable,0.019371333997696638,0.006056791,1
c8_disjunct_6,True,13,10,unreachable,0.0068471250124275684,2.4e-05,1,unreachable,0.012343083042651415,0.005642875,1
c8_disjunct_7,True,13,10,unreachable,0.005690084071829915,2.2875e-05,1,unreachable,0.011202333960682154,0.0047805,1
c8_disjunct_8,False,13,10,unreachable,0.7434225000906736,0.732035584,1,unreachable,0.012818624963983893,0.005328083,1
c8_disjunct_9,False,13,10,unreachable,0.7775355419144034,0.766501708,1,unreachable,0.01574337505735457,0.007734625,1
d1_disjunct_0,False,14,13,unknown,2.0207392908632755,2.009269541,1,unreachable,0.02120920899324119,0.010248875,1
d1_disjunct_1,False,11,11,unreachable,0.7326832911930978,0.721255583,1,unreachable,0.01757154194638133,0.008068583,1
d1_disjunct_2,True,8,6,unreachable,0.008118374971672893,3.7875e-05,1,unreachable,0.013427125057205558,0.006975208,1
d1_disjunct_3,False,11,8,unreachable,0.5725962920114398,0.558624083,1,unreachable,0.015100250020623207,0.006855208,1
d1_disjunct_4,False,11,8,unreachable,0.42276241700164974,0.413598875,1,unreachable,0.010246500140056014,0.004199542,1
d1_disjunct_5,False,14,13,unreachable,0.0075131249614059925,2.3125e-05,1,unreachable,0.0172067079693079,0.009480375,1
d1_disjunct_6,False,11,11,unreachable,0.006049332907423377,2.3792e-05,1,unreachable,0.010198166826739907,0.0043535,1
d2_disjunct_0,False,18,25,unknown,2.0572574171237648,2.043467917,1,reachable,0.006761167198419571,9.8334e-05,1
d3_disjunct_0,False,15,11,unknown,2.0253658341243863,2.014156583,1,unreachable,0.010353416902944446,0.005344792,1
d3_disjunct_1,False,9,7,unreachable,1.3101420421153307,1.300521291,1,unreachable,0.010455708019435406,0.003747334,1
d3_disjunct_2,False,12,9,unreachable,0.7265271248761564,0.716913625,1,unreachable,0.011414832901209593,0.004068792,1
d3_disjunct_3,False,12,9,unreachable,0.5884687500074506,0.576753041,1,unreachable,0.015563499880954623,0.006713375,1
d3_disjunct_4,False,18,17,unreachable,0.006713292095810175,2.3084e-05,1,unreachable,0.011740542016923428,0.006436708,1
d3_disjunct_5,False,15,15,unreachable,0.006713332841172814,0.000486292,1,unreachable,0.011011875001713634,0.005691167,1
d3_disjunct_6,False,12,13,unreachable,0.0071345840115100145,2.1334e-05,1,unreachable,0.01746179210022092,0.010044875,1
d4_disjunct_0,False,18,17,unknown,2.065829584142193,2.050082334,1,unreachable,0.013376625021919608,0.007692291,1
d4_disjunct_1,False,12,13,unknown,2.042025707894936,2.026408166,1,unreachable,0.01658100006170571,0.008834541,1
d4_disjunct_10,False,15,15,unreachable,0.007131374906748533,2.375e-05,1,unreachable,0.015057249926030636,0.006281292,1
d4_disjunct_11,False,12,13,unreachable,0.007936415961012244,2.4042e-05,1,unreachable,0.012491332832723856,0.004803333,1
d4_disjunct_12,False,18,17,unreachable,0.0074153749737888575,3.8375e-05,1,unreachable,0.011534541146829724,0.006214041,1
d4_disjunct_13,False,15,15,unreachable,0.006963666994124651,3.6792e-05,1,unreachable,0.018160499865189195,0.009856709,1
d4_disjunct_14,False,12,13,unreachable,0.006108250003308058,3.8917e-05,1,unreachable,0.013542958069592714,0.005788167,1
d4_disjunct_2,False,15,15,unknown,2.049140291986987,2.033181625,1,unreachable,0.015875417040660977,0.009857167,1
d4_disjunct_3,False,15,15,unknown,2.041770708048716,2.027245708,1,unreachable,0.013093292014673352,0.005138167,1
d4_disjunct_4,True,12,9,unreachable,0.008365374989807606,4.4125e-05,1,unreachable,0.014438833110034466,0.008459125,1
d4_disjunct_5,False,9,7,unreachable,0.6098665839526802,0.598435917,1,unreachable,0.010647417046129704,0.003474542,1
d4_disjunct_6,False,15,11,unknown,2.0373700000345707,2.024418584,1,unreachable,0.011927499901503325,0.005457708,1
d4_disjunct_7,False,15,11,unreachable,1.195945791900158,1.184251416,1,unreachable,0.015995166962966323,0.007232083,1
d4_disjunct_8,False,12,9,unreachable,0.8525177917908877,0.843862333,1,unreachable,0.019091417081654072,0.0074565,1
d4_disjunct_9,False,18,17,unreachable,0.007451583165675402,3.7875e-05,1,unreachable,0.015382958110421896,0.008015416,1
d5_disjunct_0,False,11,10,unknown,2.0096500827930868,2.000171542,1,reachable,0.013377249939367175,0.000146709,1
e1_disjunct_0,False,8,6,unknown,2.0070005839224905,2.000684625,1,unreachable,0.009878291049972177,0.0039145,1
e2_disjunct_0,False,16,15,unknown,2.0196856250986457,2.002873166,1,unknown,2.0505380420945585,2.034523458,1
e3_disjunct_0,True,25,35,unreachable,0.006160167045891285,4.8875e-05,1,unreachable,0.019642417086288333,0.010760375,1
e3_disjunct_1,True,25,35,unreachable,0.009422290837392211,4.9667e-05,1,unreachable,0.029505291022360325,0.019420375,1
e3_disjunct_2,False,25,35,unknown,2.0686994579155,2.050205583,1,unknown,2.0333344161044806,2.01818725,1
e4_disjunct_0,True,29,43,unreachable,0.009802292101085186,5.9834e-05,1,unreachable,0.02102495892904699,0.014410458,1
e4_disjunct_1,True,29,43,unreachable,0.008650542004033923,3.4792e-05,1,unreachable,0.025803708005696535,0.017121333,1
e4_disjunct_2,False,29,43,unknown,2.0426150411367416,2.027186667,1,unknown,2.0189681670162827,2.005009875,1
e7_disjunct_0,False,8,6,unknown,2.0084244168829173,2.00082075,1,unreachable,0.01042154198512435,0.004226416,1
f1_disjunct_0,True,1,0,unreachable,0.00690945889800787,2.3208e-05,1,unreachable,0.005392624996602535,1.4e-05,1
f2_disjunct_0,False,14,23,unknown,2.0306767500005662,2.018879417,1,reachable,0.006563000148162246,0.000299083,1
f3_disjunct_0,False,17,16,unknown,2.0337304580025375,2.01614775,1,reachable,0.008452292066067457,0.00026125,1
f4_disjunct_0,True,5,4,unreachable,0.005418499931693077,2.1667e-05,1,unreachable,0.010980334132909775,0.005799792,1
f4_disjunct_1,True,5,4,unreachable,0.00872049992904067,3.7458e-05,1,unreachable,0.00971770822070539,0.003780459,1
f4_disjunct_2,True,5,4,unreachable,0.008315915940329432,2.25e-05,1,unreachable,0.009552625007927418,0.004096,1
f4_disjunct_3,True,5,4,unreachable,0.00558683299459517,2.3167e-05,1,unreachable,0.010664333822205663,0.003970958,1
f4_disjunct_4,True,5,4,unreachable,0.005586249986663461,2.05e-05,1,unreachable,0.014311000006273389,0.005698792,1
f5_disjunct_0,False,7,5,unreachable,0.08628858393058181,0.078793208,1,unreachable,0.012907582800835371,0.004056667,1
f5_disjunct_1,False,10,10,unreachable,0.30359124997630715,0.295420667,1,unreachable,0.01327820890583098,0.004735666,1
f5_disjunct_10,False,10,10,unreachable,0.24761833390221,0.240333708,1,unreachable,0.013927542138844728,0.006133458,1
f5_disjunct_11,False,10,10,unreachable,0.28743716701865196,0.277947125,1,unreachable,0.013696749927476048,0.004177334,1
f5_disjunct_12,False,10,10,unreachable,0.29304879112169147,0.284970292,1,unreachable,0.018409666139632463,0.008632459,1
f5_disjunct_13,False,8,7,unreachable,0.11293483292683959,0.105725917,1,unreachable,0.016367417061701417,0.008008542,1
f5_disjunct_14,False,10,10,unreachable,0.271409124834463,0.260229125,1,unreachable,0.015504874987527728,0.007828833,1
f5_disjunct_15,False,10,10,unreachable,0.3408956250641495,0.332261667,1,unreachable,0.015650291927158833,0.00789175,1
f5_disjunct_16,False,10,10,unreachable,0.32888266700319946,0.319069709,1,unreachable,0.017595374956727028,0.007877541,1
f5_disjunct_17,False,8,7,unreachable,0.1590130829717964,0.149786542,1,unreachable,0.017423582961782813,0.008966792,1
f5_disjunct_18,False,8,7,unreachable,0.14660591585561633,0.139286125,1,unreachable,0.011142707895487547,0.003875709,1
f5_disjunct_19,False,10,10,unreachable,0.3533734171651304,0.344376459,1,unreachable,0.014157500118017197,0.005213875,1
f5_disjunct_2,False,7,5,unreachable,0.0920440829358995,0.08385675,1,unreachable,0.011745332973077893,0.0041575,1
f5_disjunct_20,False,10,10,unreachable,0.3249298750888556,0.314063416,1,unreachable,0.011072250083088875,0.004325,1
f5_disjunct_3,False,10,10,unreachable,0.2978976669255644,0.289048583,1,unreachable,0.014920375077053905,0.006511917,1
f5_disjunct_4,False,10,10,unreachable,0.2551050828769803,0.246566333,1,unreachable,0.015890332870185375,0.007672166,1
f5_disjunct_5,False,10,10,unreachable,0.3403661251068115,0.330955041,1,unreachable,0.011243958957493305,0.005430292,1
f5_disjunct_6,False,5,3,unreachable,0.05645395815372467,0.047340375,1,unreachable,0.012294500134885311,0.002262042,1
f5_disjunct_7,False,7,5,unreachable,0.09758549998514354,0.090041333,1,unreachable,0.018389542121440172,0.009291125,1
f5_disjunct_8,False,7,5,unreachable,0.09543241700157523,0.085195125,1,unreachable,0.014026541961356997,0.006504541,1
f5_disjunct_9,False,8,7,unreachable,0.11266124993562698,0.104914875,1,unreachable,0.010472125140950084,0.004296625,1
f6_disjunct_0,False,9,11,unknown,2.0084039161447436,2.000952,1,reachable,0.007484958041459322,0.000147625,1
f7_disjunct_0,False,8,9,unknown,2.0101502081379294,2.001272708,1,reachable,0.010190416127443314,7.8583e-05,1
f8_disjunct_0,True,1,0,unreachable,0.005746999988332391,2.4917e-05,1,unreachable,0.006971084047108889,1.6209e-05,1
f8_disjunct_1,False,9,11,unknown,2.010003084084019,2.0013645,1,reachable,0.006510457955300808,0.000114625,1
g1_disjunct_0,False,56,103,unknown,2.0406074170023203,2.020142041,1,unknown,2.0301716250833124,2.018318834,1
g2_disjunct_0,True,37,48,unreachable,0.008903417037799954,3.3542e-05,1,unreachable,0.03116179211065173,0.02513875,1
g2_disjunct_1,False,37,48,unknown,2.0786757920868695,2.058832916,1,unknown,2.018803665880114,2.004249209,1
g3_disjunct_0,True,39,55,unreachable,0.006910167168825865,3.3291e-05,1,unreachable,0.02773091709241271,0.020760291,1
g3_disjunct_1,False,39,55,unknown,2.0404880000278354,2.020536,1,unknown,2.0201712921261787,2.009209084,1
g4_disjunct_0,False,30,49,unknown,2.058277291012928,2.039357375,1,reachable,0.009946042206138372,0.003768708,1
g5_disjunct_0,True,16,17,unreachable,0.005404791794717312,2.6084e-05,1,unreachable,0.014132749987766147,0.005994834,1
g5_disjunct_1,True,16,17,unreachable,0.011820083949714899,3.775e-05,1,unreachable,0.021612416952848434,0.011401584,1
g5_disjunct_2,True,1,0,unreachable,0.006411083973944187,3.7e-05,1,unreachable,0.007575790863484144,1.5917e-05,1
g5_disjunct_3,True,1,0,unreachable,0.007687832927331328,2.4958e-05,1,unreachable,0.006726416992023587,1.625e-05,1
g5_disjunct_4,True,1,0,unreachable,0.007010709028691053,2.975e-05,1,unreachable,0.00873845792375505,1.6666e-05,1
g5_disjunct_5,False,16,17,unreachable,1.473231374984607,1.457134416,1,unreachable,0.014141167048364878,0.006242333,1
g6_disjunct_0,True,1,0,unreachable,0.006286083022132516,2.4541e-05,1,unreachable,0.0050807499792426825,1.5833e-05,1
g6_disjunct_1,True,1,0,unreachable,0.004665208049118519,2.5333e-05,1,unreachable,0.006379833910614252,1.475e-05,1
g6_disjunct_10,False,17,18,unreachable,1.3087160841096193,1.297071083,1,unreachable,0.014805749990046024,0.007134834,1
g6_disjunct_11,False,17,18,unreachable,1.264589708065614,1.251768167,1,unreachable,0.013023833045735955,0.006998375,1
g6_disjunct_12,False,15,16,unreachable,0.9929394170176238,0.982086541,1,unreachable,0.013717624824494123,0.00709175,1
g6_disjunct_13,False,19,20,unknown,2.0446247078943998,2.032639083,1,unreachable,0.012736874865368009,0.007249791,1
g6_disjunct_14,False,17,17,unreachable,1.2709916660096496,1.257233458,1,unreachable,0.01414941600523889,0.006838416,1
g6_disjunct_15,True,5,3,unreachable,0.006091500166803598,2.3083e-05,1,unreachable,0.007699625100940466,0.002593417,1
g6_disjunct_16,True,5,3,unreachable,0.006716875126585364,2.4125e-05,1,unreachable,0.010268792044371367,0.002585667,1
g6_disjunct_17,True,5,3,unreachable,0.008963749976828694,2.6042e-05,1,unreachable,0.01493366714566946,0.006225792,1
g6_disjunct_18,False,19,20,unreachable,1.7258485830388963,1.708035666,1,unreachable,0.01865274994634092,0.011640625,1
g6_disjunct_19,False,19,20,unreachable,1.6459791660308838,1.635196916,1,unreachable,0.012804709142073989,0.006943708,1
g6_disjunct_2,True,1,0,unreachable,0.006569416960701346,3.4792e-05,1,unreachable,0.007150957826524973,2.4458e-05,1
g6_disjunct_20,True,10,7,unreachable,0.008297499967738986,3.7167e-05,1,unreachable,0.010694416938349605,0.004383291,1
g6_disjunct_21,True,10,7,unreachable,0.005596250062808394,2.6125e-05,1,unreachable,0.010428792098537087,0.004291167,1
g6_disjunct_22,False,22,24,unknown,2.054462917149067,2.038173708,1,unreachable,0.018507916014641523,0.010504167,1
g6_disjunct_23,False,20,22,unknown,2.05104299983941,2.036097708,1,reachable,0.006674916949123144,0.000208,1
g6_disjunct_3,False,15,15,unreachable,1.1895051670726389,1.177157333,1,unreachable,0.01432966603897512,0.005699875,1
g6_disjunct_4,True,10,10,unreachable,0.009003333980217576,2.3542e-05,1,unreachable,0.01643499988131225,0.006165958,1
g6_disjunct_5,False,10,10,unreachable,0.5870732499752194,0.578013834,1,unreachable,0.01289450004696846,0.003563042,1
g6_disjunct_6,False,15,15,unreachable,1.2515123749617487,1.238991625,1,unreachable,0.019491499988362193,0.010989417,1
g6_disjunct_7,False,15,15,unreachable,1.073810749920085,1.061901583,1,unreachable,0.013921750010922551,0.006130833,1
g6_disjunct_8,False,17,18,unreachable,1.4603999580722302,1.446976375,1,unreachable,0.01440412481315434,0.006609959,1
g6_disjunct_9,True,1,0,unreachable,0.009034333052113652,2.6458e-05,1,unreachable,0.009196082828566432,2.2334e-05,1
g7_disjunct_0,True,1,0,unreachable,0.005580459022894502,2.1958e-05,1,unreachable,0.009372124914079905,2.3209e-05,1
g7_disjunct_1,True,1,0,unreachable,0.007633000146597624,2.5167e-05,1,unreachable,0.006690124981105328,1.4167e-05,1
g7_disjunct_10,False,13,9,unreachable,0.5792595408856869,0.570500416,1,unreachable,0.01471625012345612,0.006449417,1
g7_disjunct_11,True,5,3,unreachable,0.00985841709189117,3.4334e-05,1,unreachable,0.009887083899229765,0.00281725,1
g7_disjunct_12,True,5,3,unreachable,0.009149041958153248,2.0375e-05,1,unreachable,0.008819916052743793,0.002504667,1
g7_disjunct_13,False,15,12,unreachable,0.8555051248986274,0.846382584,1,unreachable,0.015922582941129804,0.007279708,1
g7_disjunct_14,False,15,12,unreachable,0.7414802501443774,0.729752459,1,unreachable,0.01567916595377028,0.008356042,1
g7_disjunct_15,True,10,7,unreachable,0.009268332971259952,2.4584e-05,1,unreachable,0.012009916128590703,0.004432083,1
g7_disjunct_16,False,18,15,unreachable,1.0949945421889424,1.080185667,1,unreachable,0.016672000056132674,0.007940125,1
g7_disjunct_17,True,12,9,unreachable,0.008434750139713287,3.0625e-05,1,unreachable,0.012645083013921976,0.0050145,1
g7_disjunct_18,False,18,15,unreachable,1.1106234160251915,1.100151292,1,unreachable,0.0143544168677181,0.005602125,1
g7_disjunct_19,False,18,15,unreachable,0.9623074578121305,0.949243917,1,unreachable,0.016316334018483758,0.008609625,1
g7_disjunct_2,False,10,7,unreachable,0.43147216690704226,0.418572375,1,unreachable,0.010150874964892864,0.005099792,1
g7_disjunct_20,False,16,12,unreachable,0.6749812080524862,0.664048,1,unreachable,0.01193916704505682,0.005174458,1
g7_disjunct_21,True,10,7,unreachable,0.007696874905377626,0.000234208,1,unreachable,0.011457290966063738,0.005182167,1
g7_disjunct_3,True,5,3,unreachable,0.008739792043343186,3.3375e-05,1,unreachable,0.012178959092125297,0.002492958,1
g7_disjunct_4,False,10,7,unreachable,0.35971658304333687,0.350723959,1,unreachable,0.014428666094318032,0.006887,1
g7_disjunct_5,False,12,9,unreachable,0.5196854169480503,0.510344458,1,unreachable,0.015193749917671084,0.009494125,1
g7_disjunct_6,True,1,0,unreachable,0.0055072500836104155,2.175e-05,1,unreachable,0.006293874932453036,2.3333e-05,1
g7_disjunct_7,False,12,9,unreachable,0.48454358405433595,0.476717917,1,unreachable,0.015778708970174193,0.008949959,1
g7_disjunct_8,False,12,9,unreachable,0.4281857500318438,0.420776542,1,unreachable,0.010153708048164845,0.004609375,1
g7_disjunct_9,False,15,12,unreachable,0.7394603339489549,0.729156958,1,unreachable,0.013303915970027447,0.005563792,1
