query,constant_false,places,transitions,portfolio_verdict,portfolio_wall_seconds,portfolio_solver_seconds,portfolio_repeats,portfolio-next_verdict,portfolio-next_wall_seconds,portfolio-next_solver_seconds,portfolio-next_repeats,smpt_verdict,smpt_wall_seconds,smpt_solver_seconds,smpt_repeats
a2_disjunct_0,False,8,7,reachable,0.008749375119805336,5.2125e-05,3,reachable,0.010511375032365322,8.5208e-05,3,reachable,0.3096449160948396,0.1869492530822754,3
a4_disjunct_0,True,9,8,unreachable,0.011657166993245482,0.004809083,3,unreachable,0.0075809580739587545,0.00102375,3,unreachable,0.21884320792742074,0.108673095703125,3
a4_disjunct_1,True,9,8,unreachable,0.012112375115975738,0.00532425,3,unreachable,0.007408957928419113,0.001056459,3,unreachable,0.2139993750024587,0.10643506050109863,3
a5_disjunct_0,True,12,14,unreachable,0.01147875003516674,0.005628417,3,unreachable,0.008743667043745518,0.0013855,3,unreachable,0.21754250000230968,0.10645389556884766,3
a5_disjunct_1,True,12,14,unreachable,0.012238374911248684,0.005531084,3,unreachable,0.007503291824832559,0.001194208,3,unreachable,0.22469312511384487,0.1114959716796875,3
a5_disjunct_2,True,12,14,unreachable,0.01245008292607963,0.006446083,3,unreachable,0.007913792040199041,0.00128625,3,unreachable,0.2583667919971049,0.13355088233947754,3
a5_disjunct_3,True,12,14,unreachable,0.015090667176991701,0.006580958,3,unreachable,0.012641583103686571,0.002350792,3,unreachable,0.2707529168110341,0.1354529857635498,3
a5_disjunct_4,True,12,14,unreachable,0.011615457944571972,0.005401583,3,unreachable,0.008175249909982085,0.001271833,3,unreachable,0.23531670798547566,0.11650204658508301,3
a5_disjunct_5,True,12,14,unreachable,0.0123539580963552,0.005484417,3,unreachable,0.008313166908919811,0.001564667,3,unreachable,0.21280883299186826,0.1010441780090332,3
a5_disjunct_6,True,4,3,unreachable,0.009042457910254598,0.003458375,3,unreachable,0.008112458977848291,0.000791334,3,unreachable,0.22799254208803177,0.1135408878326416,3
a5_disjunct_7,True,4,3,unreachable,0.010324375005438924,0.003145084,3,unreachable,0.00739358295686543,0.00075375,3,unreachable,0.21430341596715152,0.1035759449005127,3
a5_disjunct_8,True,4,3,unreachable,0.011546666966751218,0.003391917,3,unreachable,0.008333832956850529,0.000734875,3,unreachable,0.22344800014980137,0.11323189735412598,3
a6_disjunct_0,True,11,11,unreachable,0.011644791811704636,0.005179417,3,unreachable,0.0064926669001579285,0.000996167,3,unreachable,0.22371291695162654,0.1099700927734375,3
a6_disjunct_1,False,11,11,reachable,0.006004417082294822,0.000205583,3,reachable,0.005908374907448888,0.000220458,3,reachable,0.2936194168869406,0.18444013595581055,3
b1_disjunct_0,True,9,7,unreachable,0.010019582929089665,0.0046525,3,unreachable,0.007145750103518367,0.000953083,3,unreachable,0.2541987090371549,0.12628459930419922,3
b1_disjunct_1,False,9,7,unreachable,0.009773500030860305,0.00432075,3,unreachable,0.005927459103986621,0.000961417,3,unreachable,0.2228581658564508,0.1131279468536377,3
b2_disjunct_0,False,16,19,unreachable,0.01662866584956646,0.006628042,3,unreachable,0.00966770900413394,0.001996958,3,unreachable,0.22002808400429785,0.10568380355834961,3
b2_disjunct_1,False,17,20,unreachable,0.014154041884467006,0.008445167,3,unreachable,0.007949749939143658,0.001952416,3,unreachable,0.23459037486463785,0.12205219268798828,3
b2_disjunct_2,False,17,20,unreachable,0.013151083840057254,0.006557917,3,unreachable,0.008516374975442886,0.002114625,3,unreachable,0.2231750418432057,0.12027287483215332,3
b2_disjunct_3,False,18,21,unreachable,0.014726125169545412,0.009522625,3,unreachable,0.008150541922077537,0.002040708,3,unreachable,0.22640570788644254,0.1148979663848877,3
b2_disjunct_4,False,18,21,unreachable,0.013915083138272166,0.007172709,3,unreachable,0.008033124962821603,0.001866917,3,unreachable,0.22936495812609792,0.11031508445739746,3
b2_disjunct_5,False,17,20,unreachable,0.012926917057484388,0.006948458,3,unreachable,0.008405499858781695,0.001782291,3,unreachable,0.22095995815470815,0.10425925254821777,3
b3_disjunct_0,False,17,18,unreachable,0.013527208007872105,0.007073167,3,unreachable,0.0072347919922322035,0.001754041,3,unreachable,0.2257631248794496,0.11910223960876465,3
b3_disjunct_1,False,17,18,unreachable,0.019582125125452876,0.010207917,3,unreachable,0.009036042029038072,0.001697917,3,unreachable,0.22540791612118483,0.11211299896240234,3
b4_disjunct_0,False,17,18,unreachable,0.012688582995906472,0.006804125,3,unreachable,0.008294624974951148,0.001714958,3,unreachable,0.23642062488943338,0.11570882797241211,3
b4_disjunct_1,False,17,18,unreachable,0.014904584037140012,0.008577625,3,unreachable,0.008540790993720293,0.001723167,3,unreachable,0.24436258291825652,0.12050080299377441,3
c1_disjunct_0,False,24,38,unknown,2.0316076669842005,2.01705725,3,reachable,0.07062966679222882,0.06268725,3,unknown,2.112165583996102,2.112165583996102,3
c2_disjunct_0,False,18,14,unreachable,0.020166999893262982,0.0088625,3,unreachable,0.01105820806697011,0.001730583,3,unreachable,0.2956507920753211,0.1473250389099121,3
c2_disjunct_1,False,18,14,unreachable,0.018667625030502677,0.010828333,3,unreachable,0.009899291908368468,0.001890458,3,unreachable,0.2636260830331594,0.13301706314086914,3
c2_disjunct_10,True,18,14,unreachable,0.015374582959339023,0.007134292,3,unreachable,0.009905500104650855,0.002819916,3,unreachable,0.29120233398862183,0.14709210395812988,3
c2_disjunct_11,True,5,3,unreachable,0.012923750095069408,0.002903209,3,unreachable,0.010683957953006029,0.000665917,3,unreachable,0.26544504100456834,0.12779879570007324,3
c2_disjunct_12,True,8,6,unreachable,0.015273666009306908,0.005354958,3,unreachable,0.012437582947313786,0.00094325,3,unreachable,0.248540666885674,0.13270115852355957,3
c2_disjunct_13,False,18,14,unreachable,0.01816812506876886,0.009100208,3,unreachable,0.009538291953504086,0.001787958,3,unreachable,0.28522766614332795,0.13897395133972168,3
c2_disjunct_14,False,18,14,unreachable,0.019761292031034827,0.009132958,3,unreachable,0.01255262503400445,0.001777291,3,unreachable,0.2716612091753632,0.13474631309509277,3
c2_disjunct_15,False,18,14,unreachable,0.021161000011488795,0.010122,3,unreachable,0.011519291903823614,0.00174975,3,unreachable,0.2786169999744743,0.14432406425476074,3
c2_disjunct_16,True,18,14,unreachable,0.016560332849621773,0.007795542,3,unreachable,0.009019291028380394,0.001416208,3,unreachable,0.2860571669880301,0.14491987228393555,3
c2_disjunct_17,True,18,14,unreachable,0.024193499935790896,0.013736292,3,unreachable,0.010663915891200304,0.001567083,3,unreachable,0.26830183411948383,0.13736677169799805,3
c2_disjunct_18,False,18,14,unreachable,0.022518959129229188,0.01330925,3,unreachable,0.01639666687697172,0.003313917,3,unreachable,0.28975383285433054,0.14849495887756348,3
c2_disjunct_19,False,18,14,unreachable,0.01761720795184374,0.007582666,3,unreachable,0.010005041025578976,0.002720792,3,unreachable,0.27027241606265306,0.12878799438476562,3
c2_disjunct_2,False,18,14,unreachable,0.018865375081077218,0.009466708,3,unreachable,0.015545875066891313,0.003531834,3,unreachable,0.25112691707909107,0.12383413314819336,3
c2_disjunct_20,False,18,14,unreachable,0.022975082974880934,0.010110375,3,unreachable,0.010390416951850057,0.001811333,3,unreachable,0.2643470000475645,0.12883400917053223,3
c2_disjunct_21,False,18,14,unreachable,0.01869112509302795,0.009504333,3,unreachable,0.012490832945331931,0.002545542,3,unreachable,0.25890004192478955,0.1298518180847168,3
c2_disjunct_22,False,18,14,unreachable,0.020761457970365882,0.007190542,3,unreachable,0.017203916795551777,0.003265708,3,unreachable,0.26759891700930893,0.11872720718383789,3
c2_disjunct_23,True,18,14,unreachable,0.01789370784536004,0.007522084,3,unreachable,0.011497166939079762,0.001456667,3,unreachable,0.2612384590320289,0.1256999969482422,3
c2_disjunct_24,True,18,14,unreachable,0.017749834107235074,0.009897875,3,unreachable,0.008467167150229216,0.001381708,3,unreachable,0.2387453750707209,0.11417603492736816,3
c2_disjunct_3,True,18,14,unreachable,0.02189129195176065,0.010088,3,unreachable,0.012831291882321239,0.002799708,3,unreachable,0.2677958339918405,0.13286495208740234,3
c2_disjunct_4,True,18,14,unreachable,0.018643165938556194,0.010546542,3,unreachable,0.01149312499910593,0.001552333,3,unreachable,0.27217633300460875,0.13553094863891602,3
c2_disjunct_5,True,1,0,unreachable,0.00896854093298316,1.7667e-05,3,unreachable,0.0064974999986588955,1.5791e-05,3,unreachable,0.24811200005933642,0.11629414558410645,3
c2_disjunct_6,True,1,0,unreachable,0.009022834012284875,2.2333e-05,3,unreachable,0.013937999960035086,1.475e-05,3,unreachable,0.25162783404812217,0.12365508079528809,3
c2_disjunct_7,True,8,6,unreachable,0.011478000087663531,0.00460125,3,unreachable,0.0095102081540972,0.001765291,3,unreachable,0.2598775001242757,0.12552213668823242,3
c2_disjunct_8,False,18,14,unreachable,0.024395500076934695,0.011805333,3,unreachable,0.01240649982355535,0.003282625,3,unreachable,0.24857525015249848,0.13211274147033691,3
c2_disjunct_9,True,18,14,unreachable,0.01654787501320243,0.00822775,3,unreachable,0.012969624949619174,0.001536084,3,unreachable,0.25446074991486967,0.12617015838623047,3
c3_disjunct_0,False,8,6,unreachable,0.014384584035724401,0.005361333,3,unreachable,0.011380624957382679,0.000978042,3,unreachable,0.2742502910550684,0.143341064453125,3
c3_disjunct_1,True,8,6,unreachable,0.014039334142580628,0.00407525,3,unreachable,0.008993374882265925,0.000850834,3,unreachable,0.25720179197378457,0.12875580787658691,3
c3_disjunct_2,True,8,6,unreachable,0.009145874995738268,0.004388125,3,unreachable,0.008254250045865774,0.000837458,3,unreachable,0.24755391594953835,0.12495183944702148,3
c3_disjunct_3,False,8,6,unreachable,0.01844445802271366,0.007044375,3,unreachable,0.010020332876592875,0.001767958,3,unreachable,0.27346595795825124,0.1465599536895752,3
c3_disjunct_4,True,8,6,unreachable,0.014564832905307412,0.004143625,3,unreachable,0.010579708032310009,0.000896,3,unreachable,0.2609182922169566,0.1320950984954834,3
c3_disjunct_5,True,8,6,unreachable,0.013095417059957981,0.004303166,3,unreachable,0.012745625106617808,0.000865,3,unreachable,0.23937183408997953,0.12243485450744629,3
c4_disjunct_0,False,13,10,unreachable,0.019779750145971775,0.007299041,3,unreachable,0.010395125020295382,0.00135075,3,unreachable,0.2827006250154227,0.14098000526428223,3
c4_disjunct_1,False,13,10,unreachable,0.019293916877359152,0.010364625,3,unreachable,0.014249333180487156,0.001339667,3,unreachable,0.272516000084579,0.12479114532470703,3
c4_disjunct_10,False,13,10,unreachable,0.01679562497884035,0.006811583,3,unreachable,0.010953374905511737,0.001375458,3,unreachable,0.24942258303053677,0.11720013618469238,3
c4_disjunct_11,True,13,10,unreachable,0.018239542143419385,0.00828975,3,unreachable,0.011880583129823208,0.001206416,3,unreachable,0.26198070915415883,0.13179492950439453,3
c4_disjunct_12,True,13,10,unreachable,0.01984204212203622,0.010324,3,unreachable,0.008547457866370678,0.001304625,3,unreachable,0.25504949991591275,0.13147401809692383,3
c4_disjunct_2,True,13,10,unreachable,0.013559625018388033,0.005746166,3,unreachable,0.008365416899323463,0.001139625,3,unreachable,0.2584493749309331,0.12240099906921387,3
c4_disjunct_3,True,13,10,unreachable,0.01633962499909103,0.007323458,3,unreachable,0.008518041810020804,0.001187084,3,unreachable,0.2561778749804944,0.13622188568115234,3
c4_disjunct_4,True,1,0,unreachable,0.006936583202332258,1.5458e-05,3,unreachable,0.009071457898244262,2.3167e-05,3,unreachable,0.2587002080399543,0.1399853229522705,3
c4_disjunct_5,False,13,10,unreachable,0.013035624986514449,0.005426,3,unreachable,0.008289124816656113,0.001346333,3,unreachable,0.2336959580425173,0.12280821800231934,3
c4_disjunct_6,True,13,10,unreachable,0.01641624979674816,0.005405667,3,unreachable,0.009234333876520395,0.001126459,3,unreachable,0.23587841587141156,0.11093401908874512,3
c4_disjunct_7,True,13,10,unreachable,0.020148332929238677,0.009009958,3,unreachable,0.010611417004838586,0.002030917,3,unreachable,0.2648198751267046,0.12873387336730957,3
c4_disjunct_8,False,13,10,unreachable,0.01920050010085106,0.005846209,3,unreachable,0.011635749833658338,0.0013095,3,unreachable,0.27368745882995427,0.13227200508117676,3
c4_disjunct_9,False,13,10,unreachable,0.011769374832510948,0.00551975,3,unreachable,0.011278999969363213,0.001373458,3,unreachable,0.24651720793917775,0.12798309326171875,3
c5_disjunct_0,False,17,22,reachable,0.07847366598434746,0.059223458,3,reachable,0.031496417010203004,0.022616458,3,unknown,2.136674291919917,2.136674291919917,3
c6_disjunct_0,False,15,14,reachable,0.007991999853402376,0.000163458,3,reachable,0.008222708012908697,0.000168583,3,reachable,0.48945712484419346,0.36950016021728516,3
c7_disjunct_0,False,18,19,reachable,0.009425458032637835,0.000611,3,reachable,0.008460792014375329,0.000568917,3,reachable,0.6188227089587599,0.5048151016235352,3
c8_disjunct_0,False,13,10,unreachable,0.016577292000874877,0.007550167,3,unreachable,0.011335625080391765,0.001370834,3,unreachable,0.24094712478108704,0.11301088333129883,3
c8_disjunct_1,False,13,10,unreachable,0.01807933417148888,0.008825834,3,unreachable,0.01195199997164309,0.002564125,3,unreachable,0.27911883406341076,0.12399578094482422,3
c8_disjunct_10,False,13,10,unreachable,0.01880241697654128,0.009098291,3,unreachable,0.009430584032088518,0.002496625,3,unreachable,0.24600787507370114,0.1262650489807129,3
c8_disjunct_11,True,13,10,unreachable,0.018644124967977405,0.006855667,3,unreachable,0.010453916853293777,0.001226,3,unreachable,0.2362996661104262,0.11010193824768066,3
c8_disjunct_12,True,13,10,unreachable,0.01466554100625217,0.005429042,3,unreachable,0.01239129202440381,0.001212209,3,unreachable,0.23814270901493728,0.11983704566955566,3
c8_disjunct_2,True,13,10,unreachable,0.015734625048935413,0.005306292,3,unreachable,0.009340459015220404,0.001167792,3,unreachable,0.2657023339997977,0.12047386169433594,3
c8_disjunct_3,True,13,10,unreachable,0.025994166964665055,0.008879709,3,unreachable,0.012847583973780274,0.001203083,3,unreachable,0.24181112507358193,0.12032890319824219,3
c8_disjunct_4,True,1,0,unreachable,0.008327000075951219,1.4666e-05,3,unreachable,0.011109624989330769,1.4791e-05,3,unreachable,0.2522797090932727,0.12885308265686035,3
c8_disjunct_5,False,13,10,unreachable,0.01847045891918242,0.008620584,3,unreachable,0.011993416119366884,0.002467167,3,unreachable,0.27355191693641245,0.12787795066833496,3
c8_disjunct_6,True,13,10,unreachable,0.018082750029861927,0.007760667,3,unreachable,0.017826666124165058,0.001130167,3,unreachable,0.257425291929394,0.13135480880737305,3
c8_disjunct_7,True,13,10,unreachable,0.019483833108097315,0.008503208,3,unreachable,0.012296334141865373,0.001161833,3,unreachable,0.263352416921407,0.12001609802246094,3
c8_disjunct_8,False,13,10,unreachable,0.021772458916530013,0.0087635,3,unreachable,0.013176999986171722,0.001750125,3,unreachable,0.25209854100830853,0.12572717666625977,3
c8_disjunct_9,False,13,10,unreachable,0.017083582933992147,0.007329083,3,unreachable,0.012485041981562972,0.002544875,3,unreachable,0.24911916605196893,0.12339282035827637,3
d1_disjunct_0,False,14,13,unreachable,0.01376979099586606,0.006322167,3,unreachable,0.012148124864324927,0.002624916,3,unreachable,0.27496700012125075,0.1354527473449707,3
d1_disjunct_1,False,11,11,unreachable,0.018675333820283413,0.004846084,3,unreachable,0.012534958077594638,0.002068,3,unreachable,0.27526875003241,0.14133119583129883,3
d1_disjunct_2,True,8,6,unreachable,0.014522249810397625,0.007060708,3,unreachable,0.013413666980341077,0.000806041,3,unreachable,0.2856050000991672,0.13078713417053223,3
d1_disjunct_3,False,11,8,unreachable,0.01071641594171524,0.00389775,3,unreachable,0.010003791889175773,0.001034333,3,unreachable,0.25096262502484024,0.12539315223693848,3
d1_disjunct_4,False,11,8,unreachable,0.01774641708470881,0.006942875,3,unreachable,0.009805332869291306,0.001102709,3,unreachable,0.25478337495587766,0.13346505165100098,3
d1_disjunct_5,False,14,13,unreachable,0.014839832903817296,0.005713917,3,unreachable,0.01278433296829462,0.00252225,3,unreachable,0.2862016661092639,0.1311817169189453,3
d1_disjunct_6,False,11,11,unreachable,0.013832541881129146,0.0050555,3,unreachable,0.012049500131979585,0.001149958,3,unreachable,0.24062287481501698,0.11098718643188477,3
d2_disjunct_0,False,18,25,reachable,0.014201582875102758,0.000109875,3,reachable,0.00834549986757338,0.00011525,3,reachable,0.46631433395668864,0.3224208354949951,3
d3_disjunct_0,False,15,11,unreachable,0.012837541056796908,0.004911333,3,unreachable,0.009204915957525373,0.001549667,3,unreachable,0.24526550015434623,0.13452887535095215,3
d3_disjunct_1,False,9,7,unreachable,0.01437237486243248,0.005282709,3,unreachable,0.008682041894644499,0.001149125,3,unreachable,0.2769828748423606,0.13369321823120117,3
d3_disjunct_2,False,12,9,unreachable,0.015871332958340645,0.005409334,3,unreachable,0.011178875109180808,0.0021785,3,unreachable,0.2629837498534471,0.11965799331665039,3
d3_disjunct_3,False,12,9,unreachable,0.014309375081211329,0.004316042,3,unreachable,0.009586584055796266,0.002161084,3,unreachable,0.25877637485973537,0.13761520385742188,3
d3_disjunct_4,False,18,17,unreachable,0.02349587483331561,0.011279792,3,unreachable,0.012430875096470118,0.001696417,3,unreachable,0.288163207937032,0.13480591773986816,3
d3_disjunct_5,False,15,15,unreachable,0.019249415956437588,0.007873666,3,unreachable,0.012142457999289036,0.001408958,3,unreachable,0.27051633410155773,0.13629984855651855,3
d3_disjunct_6,False,12,13,unreachable,0.014116874895989895,0.005371334,3,unreachable,0.009522541891783476,0.001324625,3,unreachable,0.2560999169945717,0.12300682067871094,3
d4_disjunct_0,False,18,17,unreachable,0.019652290968224406,0.011617542,3,unreachable,0.013173665851354599,0.002897292,3,unreachable,0.2433733749203384,0.1343700885772705,3
d4_disjunct_1,False,12,13,unreachable,0.015470125013962388,0.007794459,3,unreachable,0.009373541921377182,0.001422917,3,unreachable,0.2562045829836279,0.13524293899536133,3
d4_disjunct_10,False,15,15,unreachable,0.01438370905816555,0.005431,3,unreachable,0.010234541026875377,0.001693375,3,unreachable,0.26546545792371035,0.14192700386047363,3
d4_disjunct_11,False,12,13,unreachable,0.013226541923359036,0.005452458,3,unreachable,0.011389916995540261,0.001822333,3,unreachable,0.2360779580194503,0.11939406394958496,3
d4_disjunct_12,False,18,17,unreachable,0.017388708889484406,0.007972791,3,unreachable,0.014231625013053417,0.002624416,3,unreachable,0.24679379118606448,0.12436318397521973,3
d4_disjunct_13,False,15,15,unreachable,0.015703874872997403,0.005493458,3,unreachable,0.009537499863654375,0.001494958,3,unreachable,0.23435699986293912,0.1223757266998291,3
d4_disjunct_14,False,12,13,unreachable,0.014269958017393947,0.004972125,3,unreachable,0.009821540908887982,0.001371291,3,unreachable,0.24690258409827948,0.12128424644470215,3
d4_disjunct_2,False,15,15,unreachable,0.016674875048920512,0.007319542,3,unreachable,0.011449249926954508,0.001786084,3,unreachable,0.25867983396165073,0.1306009292602539,3
d4_disjunct_3,False,15,15,unreachable,0.020263582933694124,0.010760625,3,unreachable,0.009690665872767568,0.00174925,3,unreachable,0.26716233300976455,0.1325690746307373,3
d4_disjunct_4,True,12,9,unreachable,0.015149666927754879,0.006859292,3,unreachable,0.010758541990071535,0.001071667,3,unreachable,0.26271920814178884,0.1299419403076172,3
d4_disjunct_5,False,9,7,unreachable,0.012752790935337543,0.003881667,3,unreachable,0.011868250090628862,0.001073083,3,unreachable,0.29620004212483764,0.14665579795837402,3
d4_disjunct_6,False,15,11,unreachable,0.012768374988809228,0.005403791,3,unreachable,0.01146420813165605,0.001386125,3,unreachable,0.28325404203496873,0.14785099029541016,3
d4_disjunct_7,False,15,11,unreachable,0.01316845789551735,0.00483175,3,unreachable,0.008928208844736218,0.001384958,3,unreachable,0.2525479581672698,0.12481689453125,3
d4_disjunct_8,False,12,9,unreachable,0.012104124994948506,0.003964375,3,unreachable,0.007809041999280453,0.001078209,3,unreachable,0.2200488750822842,0.11138200759887695,3
d4_disjunct_9,False,18,17,unreachable,0.014400332933291793,0.006597583,3,unreachable,0.010836540954187512,0.001710416,3,unreachable,0.23299912502989173,0.11483597755432129,3
d5_disjunct_0,False,11,10,reachable,0.0076998749282211065,6.1709e-05,3,reachable,0.008073000004515052,5.9708e-05,3,reachable,0.29731112509034574,0.18254613876342773,3
e1_disjunct_0,False,8,6,unreachable,0.011982375057414174,0.004373834,3,unreachable,0.009358583018183708,0.00154775,3,unreachable,0.26222575013525784,0.1425788402557373,3
e2_disjunct_0,False,16,15,unknown,2.052968416828662,2.035475542,3,reachable,0.01940733310766518,0.0116985,3,unknown,2.138308458030224,2.138308458030224,3
e3_disjunct_0,True,25,35,unreachable,0.025852832943201065,0.017170125,3,unreachable,0.011469082906842232,0.004385916,3,unreachable,0.22985595790669322,0.11641407012939453,3
e3_disjunct_1,True,25,35,unreachable,0.019699750002473593,0.012999458,3,unreachable,0.01391949993558228,0.004741792,3,unreachable,0.24800212495028973,0.12952685356140137,3
e3_disjunct_2,False,25,35,unknown,2.0304237499367446,2.012107,3,reachable,0.09633070789277554,0.087777459,3,unknown,2.13354108389467,2.13354108389467,3
e4_disjunct_0,True,29,43,unreachable,0.027972915908321738,0.018734375,3,unreachable,0.018038708018139005,0.007816417,3,unreachable,0.2803340000100434,0.13015317916870117,3
e4_disjunct_1,True,29,43,unreachable,0.024751000106334686,0.017019292,3,unreachable,0.015519166830927134,0.007195625,3,unreachable,0.2408931248355657,0.1183919906616211,3
e4_disjunct_2,False,29,43,unknown,2.020273249829188,2.006915791,3,reachable,0.1517717910464853,0.142181042,3,unknown,2.120882541872561,2.120882541872561,3
e7_disjunct_0,False,8,6,unreachable,0.013906041160225868,0.004377292,3,unreachable,0.011674874927848577,0.001544542,3,unreachable,0.29255691613070667,0.15587925910949707,3
f1_disjunct_0,True,1,0,unreachable,0.008859792025759816,1.6875e-05,3,unreachable,0.008176583098247647,2.7542e-05,3,unreachable,0.2658151250798255,0.12957215309143066,3
f2_disjunct_0,False,14,23,reachable,0.008864165982231498,0.000414291,3,reachable,0.010636582970619202,0.000583125,3,reachable,0.4947771669831127,0.37932682037353516,3
f3_disjunct_0,False,17,16,reachable,0.010280124843120575,0.000503208,3,reachable,0.009013291914016008,0.000481375,3,reachable,0.42207508301362395,0.29398012161254883,3
f4_disjunct_0,True,5,4,unreachable,0.013184707844629884,0.005137917,3,unreachable,0.008544666925445199,0.000860375,3,unreachable,0.24751787493005395,0.12174010276794434,3
f4_disjunct_1,True,5,4,unreachable,0.013624625047668815,0.004331417,3,unreachable,0.011181040899828076,0.001306625,3,unreachable,0.25206595892086625,0.10810399055480957,3
f4_disjunct_2,True,5,4,unreachable,0.012641082983464003,0.004320791,3,unreachable,0.008871707832440734,0.000844042,3,unreachable,0.2416167501360178,0.11622881889343262,3
f4_disjunct_3,True,5,4,unreachable,0.011904832907021046,0.00453,3,unreachable,0.008402167120948434,0.001096792,3,unreachable,0.24740520818158984,0.11821818351745605,3
f4_disjunct_4,True,5,4,unreachable,0.012678542174398899,0.004177417,3,unreachable,0.010959457838907838,0.001421666,3,unreachable,0.24312695814296603,0.12599492073059082,3
f5_disjunct_0,False,7,5,unreachable,0.013732959050685167,0.004760791,3,unreachable,0.008631166070699692,0.000864291,3,unreachable,0.24415266700088978,0.1219930648803711,3
f5_disjunct_1,False,10,10,unreachable,0.0136781248729676,0.005721833,3,unreachable,0.00917450012639165,0.001184792,3,unreachable,0.24059100006707013,0.12670183181762695,3
f5_disjunct_10,False,10,10,unreachable,0.012991375057026744,0.004895791,3,unreachable,0.010512708919122815,0.002056042,3,unreachable,0.26018345914781094,0.12396812438964844,3
f5_disjunct_11,False,10,10,unreachable,0.012980583123862743,0.005316917,3,unreachable,0.01005179202184081,0.001157125,3,unreachable,0.25971212494187057,0.12911295890808105,3
f5_disjunct_12,False,10,10,unreachable,0.014607124961912632,0.0058785,3,unreachable,0.009339124895632267,0.001297333,3,unreachable,0.24087283294647932,0.11980795860290527,3
f5_disjunct_13,False,8,7,unreachable,0.01437916699796915,0.005322167,3,unreachable,0.00937699992209673,0.000981709,3,unreachable,0.2353707910515368,0.11505603790283203,3
f5_disjunct_14,False,10,10,unreachable,0.013852500123903155,0.0048405,3,unreachable,0.010698416968807578,0.001177708,3,unreachable,0.2536755409091711,0.12275004386901855,3
f5_disjunct_15,False,10,10,unreachable,0.012301624985411763,0.004898625,3,unreachable,0.010201832978054881,0.001126708,3,unreachable,0.25601029209792614,0.12705206871032715,3
f5_disjunct_16,False,10,10,unreachable,0.015505457995459437,0.006579417,3,unreachable,0.010980375111103058,0.0013765,3,unreachable,0.2677327909041196,0.12697863578796387,3
f5_disjunct_17,False,8,7,unreachable,0.014439374906942248,0.004663916,3,unreachable,0.009033541893586516,0.001767083,3,unreachable,0.2536871670745313,0.13479304313659668,3
f5_disjunct_18,False,8,7,unreachable,0.01255499990656972,0.004242041,3,unreachable,0.009961292147636414,0.001045167,3,unreachable,0.25922895804978907,0.13171100616455078,3
f5_disjunct_19,False,10,10,unreachable,0.015380291035398841,0.006165541,3,unreachable,0.009936749935150146,0.001180666,3,unreachable,0.2595339589752257,0.13895893096923828,3
f5_disjunct_2,False,7,5,unreachable,0.01535408291965723,0.006975875,3,unreachable,0.010193207999691367,0.000933708,3,unreachable,0.2577622919343412,0.12882494926452637,3
f5_disjunct_20,False,10,10,unreachable,0.014274292159825563,0.005206209,3,unreachable,0.010627999901771545,0.001679417,3,unreachable,0.24271075008437037,0.1180272102355957,3
f5_disjunct_3,False,10,10,unreachable,0.013399834046140313,0.004987792,3,unreachable,0.013048958033323288,0.00182225,3,unreachable,0.2587922920938581,0.13091301918029785,3
f5_disjunct_4,False,10,10,unreachable,0.01701616682112217,0.008196916,3,unreachable,0.011728040874004364,0.001181542,3,unreachable,0.27764970902353525,0.13431596755981445,3
f5_disjunct_5,False,10,10,unreachable,0.014814332826063037,0.006068875,3,unreachable,0.010517249815165997,0.001873292,3,unreachable,0.25746875000186265,0.12833833694458008,3
f5_disjunct_6,False,5,3,unreachable,0.01102970796637237,0.002609042,3,unreachable,0.01077437517233193,0.000710917,3,unreachable,0.2560528749600053,0.13144493103027344,3
f5_disjunct_7,False,7,5,unreachable,0.015383291058242321,0.005335959,3,unreachable,0.009554166812449694,0.000937291,3,unreachable,0.27878520893864334,0.12779688835144043,3
f5_disjunct_8,False,7,5,unreachable,0.014020832953974605,0.00562325,3,unreachable,0.008126792032271624,0.000915541,3,unreachable,0.24477650015614927,0.1206357479095459,3
f5_disjunct_9,False,8,7,unreachable,0.014575541019439697,0.004352792,3,unreachable,0.012291209073737264,0.001686958,3,unreachable,0.28436566703021526,0.15088701248168945,3
f6_disjunct_0,False,9,11,reachable,0.008198832860216498,0.0001495,3,reachable,0.007824125001206994,9.9375e-05,3,reachable,0.39786087488755584,0.25582289695739746,3
f7_disjunct_0,False,8,9,reachable,0.007196666905656457,9.8875e-05,3,reachable,0.00873562484048307,8.5291e-05,3,reachable,0.3432257501408458,0.20938825607299805,3
f8_disjunct_0,True,1,0,unreachable,0.007574416929855943,1.7125e-05,3,unreachable,0.010155790951102972,2.4417e-05,3,unreachable,0.2494719170499593,0.12141895294189453,3
f8_disjunct_1,False,9,11,reachable,0.007891125045716763,7.4667e-05,3,reachable,0.007477625040337443,7.5208e-05,3,reachable,0.34562779194675386,0.22028803825378418,3
g1_disjunct_0,False,56,103,unknown,2.035330665996298,2.01864875,3,reachable,0.44121154211461544,0.433552417,3,unknown,2.1287570411805063,2.1287570411805063,3
g2_disjunct_0,True,37,48,unreachable,0.030361791839823127,0.021324416,3,unreachable,0.017379374941810966,0.007593291,3,unreachable,0.2590989591553807,0.12464618682861328,3
g2_disjunct_1,False,37,48,unknown,2.0212680420372635,2.005182792,3,unknown,2.0385415419004858,2.018467916,3,unknown,2.1328701248858124,2.1328701248858124,3
g3_disjunct_0,True,39,55,unreachable,0.03516474994830787,0.026378292,3,unreachable,0.022749208845198154,0.01316025,3,unreachable,0.28960108291357756,0.15473008155822754,3
g3_disjunct_1,False,39,55,unknown,2.0371312499046326,2.023086208,3,reachable,0.2646286669187248,0.255186833,3,unknown,2.1220532092265785,2.1220532092265785,3
g4_disjunct_0,False,30,49,reachable,0.013385459082201123,0.003759208,3,reachable,0.14876358304172754,0.139354792,3,unknown,2.119357750052586,2.119357750052586,3
g5_disjunct_0,True,16,17,unreachable,0.019140707794576883,0.006451875,3,unreachable,0.00972283398732543,0.001614334,3,unreachable,0.25113574997521937,0.11415505409240723,3
g5_disjunct_1,True,16,17,unreachable,0.015014665899798274,0.006869958,3,unreachable,0.008149249944835901,0.00157025,3,unreachable,0.22659604181535542,0.10457396507263184,3
g5_disjunct_2,True,1,0,unreachable,0.006541542010381818,1.5541e-05,3,unreachable,0.0075758330058306456,1.5917e-05,3,unreachable,0.24386541591957211,0.1244199275970459,3
g5_disjunct_3,True,1,0,unreachable,0.0068622499238699675,1.8167e-05,3,unreachable,0.008181791985407472,1.7708e-05,3,unreachable,0.24043425009585917,0.1184377670288086,3
g5_disjunct_4,True,1,0,unreachable,0.00787216704338789,1.9333e-05,3,unreachable,0.006492750020697713,1.6875e-05,3,unreachable,0.23259345814585686,0.11835002899169922,3
g5_disjunct_5,False,16,17,unreachable,0.018353417050093412,0.00994975,3,unreachable,0.01299745892174542,0.003271917,3,unreachable,0.25302187516354024,0.12861084938049316,3
g6_disjunct_0,True,1,0,unreachable,0.0074267080053687096,1.75e-05,3,unreachable,0.006601209053769708,1.7542e-05,3,unreachable,0.25082404213026166,0.11948800086975098,3
g6_disjunct_1,True,1,0,unreachable,0.007399874972179532,1.8834e-05,3,unreachable,0.010220000054687262,2.4875e-05,3,unreachable,0.2443088749423623,0.12030696868896484,3
g6_disjunct_10,False,17,18,unreachable,0.016846666112542152,0.007893459,3,unreachable,0.010050541022792459,0.002021708,3,unreachable,0.25659024994820356,0.12569808959960938,3
g6_disjunct_11,False,17,18,unreachable,0.021216749912127852,0.01108325,3,unreachable,0.011698874877765775,0.002161584,3,unreachable,0.2717124579939991,0.12280821800231934,3
g6_disjunct_12,False,15,16,unreachable,0.016708666924387217,0.009483375,3,unreachable,0.011536833830177784,0.001874875,3,unreachable,0.2693245420232415,0.12925481796264648,3
g6_disjunct_13,False,19,20,unreachable,0.014550541993230581,0.007786666,3,unreachable,0.010560916969552636,0.002430459,3,unreachable,0.23130629188381135,0.11220097541809082,3
g6_disjunct_14,False,17,17,unreachable,0.016981750028207898,0.008903167,3,unreachable,0.009639207972213626,0.00196625,3,unreachable,0.22661137487739325,0.11744999885559082,3
g6_disjunct_15,True,5,3,unreachable,0.009525333065539598,0.002649042,3,unreachable,0.007567666005343199,0.000666042,3,unreachable,0.2205054999794811,0.11188077926635742,3
g6_disjunct_16,True,5,3,unreachable,0.009745707968249917,0.003470667,3,unreachable,0.008605875074863434,0.000687959,3,unreachable,0.2518454580567777,0.12119913101196289,3
g6_disjunct_17,True,5,3,unreachable,0.010347417090088129,0.003078,3,unreachable,0.009249082999303937,0.000679791,3,unreachable,0.22342937486246228,0.10633492469787598,3
g6_disjunct_18,False,19,20,unreachable,0.0161788749974221,0.007933958,3,unreachable,0.010401415871456265,0.002777917,3,unreachable,0.2315959169063717,0.11888575553894043,3
g6_disjunct_19,False,19,20,unreachable,0.01592620788142085,0.008337709,3,unreachable,0.013317374978214502,0.003870542,3,unreachable,0.246168915880844,0.12408018112182617,3
g6_disjunct_2,True,1,0,unreachable,0.007787666050717235,1.6542e-05,3,unreachable,0.006326125003397465,1.525e-05,3,unreachable,0.27383320801891387,0.12482523918151855,3
g6_disjunct_20,True,10,7,unreachable,0.011619250057265162,0.005470334,3,unreachable,0.009866165928542614,0.00108025,3,unreachable,0.2470214581117034,0.11868596076965332,3
g6_disjunct_21,True,10,7,unreachable,0.011974457884207368,0.004562667,3,unreachable,0.006725165992975235,0.001051917,3,unreachable,0.2532350418623537,0.12199592590332031,3
g6_disjunct_22,False,22,24,unreachable,0.01773125003091991,0.009789708,3,unreachable,0.009806416928768158,0.003537125,3,unreachable,0.2602174589410424,0.12247586250305176,3
g6_disjunct_23,False,20,22,reachable,0.008764834143221378,0.000130458,3,reachable,0.011665958911180496,0.000130208,3,reachable,0.37027929117903113,0.20548796653747559,3
g6_disjunct_3,False,15,15,unreachable,0.020819499855861068,0.009883,3,unreachable,0.012566500110551715,0.002239042,3,unreachable,0.2654665829613805,0.13874506950378418,3
g6_disjunct_4,True,10,10,unreachable,0.013223083224147558,0.005817416,3,unreachable,0.009134582942351699,0.000916041,3,unreachable,0.26081383298151195,0.12645602226257324,3
g6_disjunct_5,False,10,10,unreachable,0.015551791992038488,0.004084458,3,unreachable,0.009265791857615113,0.002069459,3,unreachable,0.2712798749562353,0.1267530918121338,3
g6_disjunct_6,False,15,15,unreachable,0.015685333171859384,0.00777475,3,unreachable,0.00952620804309845,0.001828833,3,unreachable,0.2542549171485007,0.12725281715393066,3
g6_disjunct_7,False,15,15,unreachable,0.017043292056769133,0.010456167,3,unreachable,0.008052209159359336,0.001921125,3,unreachable,0.2459772089496255,0.11939501762390137,3
g6_disjunct_8,False,17,18,unreachable,0.015602125087752938,0.007530542,3,unreachable,0.00935125001706183,0.002182916,3,unreachable,0.2119078328832984,0.10593008995056152,3
g6_disjunct_9,True,1,0,unreachable,0.0057512500789016485,1.7375e-05,3,unreachable,0.006705709034577012,1.6916e-05,3,unreachable,0.21840429119765759,0.10970807075500488,3
g7_disjunct_0,True,1,0,unreachable,0.006096124881878495,1.8125e-05,3,unreachable,0.006800167029723525,1.8125e-05,3,unreachable,0.22937662503682077,0.10848307609558105,3
g7_disjunct_1,True,1,0,unreachable,0.006660458166152239,1.6375e-05,3,unreachable,0.006495624780654907,1.8791e-05,3,unreachable,0.21995266596786678,0.11016201972961426,3
g7_disjunct_10,False,13,9,unreachable,0.014853958040475845,0.005801958,3,unreachable,0.009497541934251785,0.001345458,3,unreachable,0.2227689998690039,0.10956907272338867,3
g7_disjunct_11,True,5,3,unreachable,0.0106306669767946,0.0033175,3,unreachable,0.0072405829560011625,0.000615584,3,unreachable,0.23261549999006093,0.10769200325012207,3
g7_disjunct_12,True,5,3,unreachable,0.009532249998301268,0.002891584,3,unreachable,0.0074080838821828365,0.00064225,3,unreachable,0.2211055839434266,0.10944414138793945,3
g7_disjunct_13,False,15,12,unreachable,0.014212584123015404,0.007201125,3,unreachable,0.007887959014624357,0.001562041,3,unreachable,0.21622612490318716,0.10801410675048828,3
g7_disjunct_14,False,15,12,unreachable,0.012939917156472802,0.006053084,3,unreachable,0.008983416948467493,0.001546792,3,unreachable,0.23366487491875887,0.1142740249633789,3
g7_disjunct_15,True,10,7,unreachable,0.012264749966561794,0.004972959,3,unreachable,0.00761562492698431,0.00100975,3,unreachable,0.23058674996718764,0.111328125,3
g7_disjunct_16,False,18,15,unreachable,0.015403666999191046,0.007414625,3,unreachable,0.008581249974668026,0.001805959,3,unreachable,0.2319440001156181,0.11351132392883301,3
g7_disjunct_17,True,12,9,unreachable,0.012557708192616701,0.004996167,3,unreachable,0.008853999897837639,0.001149667,3,unreachable,0.22847683308646083,0.10726714134216309,3
g7_disjunct_18,False,18,15,unreachable,0.016344042029231787,0.008660917,3,unreachable,0.01027116714976728,0.001744875,3,unreachable,0.22196408384479582,0.11407303810119629,3
g7_disjunct_19,False,18,15,unreachable,0.013825250091031194,0.007435916,3,unreachable,0.01055200002156198,0.001789625,3,unreachable,0.22317033307626843,0.11011719703674316,3
g7_disjunct_2,False,10,7,unreachable,0.011821249965578318,0.005508625,3,unreachable,0.0077689578756690025,0.001200459,3,unreachable,0.2212499170564115,0.10728001594543457,3
g7_disjunct_20,False,16,12,unreachable,0.012686500092968345,0.006038041,3,unreachable,0.007430833065882325,0.001645542,3,unreachable,0.2205695838201791,0.1099238395690918,3
g7_disjunct_21,True,10,7,unreachable,0.011671875137835741,0.004738959,3,unreachable,0.007181250024586916,0.001071458,3,unreachable,0.2273042919114232,0.1096949577331543,3
g7_disjunct_3,True,5,3,unreachable,0.009552791016176343,0.002843875,3,unreachable,0.007178584113717079,0.000631791,3,unreachable,0.22004762501455843,0.10971903800964355,3
g7_disjunct_4,False,10,7,unreachable,0.012320667039602995,0.005218916,3,unreachable,0.008363583125174046,0.001330167,3,unreachable,0.22942600003443658,0.11782026290893555,3
g7_disjunct_5,False,12,9,unreachable,0.012662124820053577,0.0059175,3,unreachable,0.008226958103477955,0.001258083,3,unreachable,0.24315329198725522,0.13178491592407227,3
g7_disjunct_6,True,1,0,unreachable,0.006947665940970182,1.9292e-05,3,unreachable,0.007794124772772193,1.8791e-05,3,unreachable,0.23513733386062086,0.11147809028625488,3
g7_disjunct_7,False,12,9,unreachable,0.012702874839305878,0.00538875,3,unreachable,0.009654750116169453,0.001325,3,unreachable,0.2433539170306176,0.10880899429321289,3
g7_disjunct_8,False,12,9,unreachable,0.012430583126842976,0.005655125,3,unreachable,0.007661791983991861,0.001229042,3,unreachable,0.2398530829232186,0.11911392211914062,3
g7_disjunct_9,False,15,12,unreachable,0.013586707878857851,0.006875166,3,unreachable,0.008061791071668267,0.0015455,3,unreachable,0.24904525000602007,0.11955881118774414,3
